,Date,Team_1,Team_2,Winner,Margin,Ground,Winner 
0,09-11-2007,South Africa,West Indies,South Africa,8 wickets,Johannesburg,
1,09-12-2007,Kenya,New Zealand,New Zealand,9 wickets,Durban,
2,09-12-2007,Pakistan,Scotland,Pakistan,51 runs,Durban,
3,09-12-2007,Australia,Zimbabwe,Zimbabwe,5 wickets,Cape Town,
4,13-09-2007,Bangladesh,West Indies,Bangladesh,6 wickets,Johannesburg,
5,13-09-2007,England,Zimbabwe,England,50 runs,Cape Town,
6,13-09-2007,India,Scotland,,abandoned with a toss,Durban,
7,14-09-2007,Kenya,Sri Lanka,Sri Lanka,172 runs,Johannesburg,
8,14-09-2007,Australia,England,Australia,8 wickets,Cape Town,
9,14-09-2007,India,Pakistan,India,tied,Durban,
10,15-09-2007,New Zealand,Sri Lanka,Sri Lanka,7 wickets,Johannesburg,
11,15-09-2007,South Africa,Bangladesh,South Africa,7 wickets,Cape Town,
12,16-09-2007,India,New Zealand,New Zealand,10 runs,Johannesburg,
13,16-09-2007,Australia,Bangladesh,Australia,9 wickets,Cape Town,
14,16-09-2007,South Africa,England,South Africa,19 runs,Cape Town,
15,17-09-2007,Pakistan,Sri Lanka,Pakistan,33 runs,Johannesburg,
16,18-09-2007,England,New Zealand,New Zealand,5 runs,Durban,
17,18-09-2007,Australia,Pakistan,Pakistan,6 wickets,Johannesburg,
18,18-09-2007,Bangladesh,Sri Lanka,Sri Lanka,64 runs,Johannesburg,
19,19-09-2007,South Africa,New Zealand,South Africa,6 wickets,Durban,
20,19-09-2007,England,India,India,18 runs,Durban,
21,20-09-2007,Australia,Sri Lanka,Australia,10 wickets,Cape Town,
22,20-09-2007,Bangladesh,Pakistan,Pakistan,4 wickets,Cape Town,
23,20-09-2007,South Africa,India,India,37 runs,Durban,
24,22-09-2007,New Zealand,Pakistan,Pakistan,6 wickets,Cape Town,
25,22-09-2007,Australia,India,India,15 runs,Durban,
26,24-09-2007,India,Pakistan,India,5 runs,Johannesburg,
27,06-05-2009,England,Netherlands,Netherlands,4 wickets,London,
28,06-06-2009,New Zealand,Scotland,New Zealand,7 wickets,London,
29,06-06-2009,Australia,West Indies,West Indies,7 wickets,London,
30,06-06-2009,Bangladesh,India,India,25 runs,Nottingham,
31,06-07-2009,Scotland,South Africa,South Africa,130 runs,London,
32,06-07-2009,England,Pakistan,England,48 runs,London,
33,06-08-2009,Bangladesh,Ireland,Ireland,6 wickets,Nottingham,
34,06-08-2009,Australia,Sri Lanka,Sri Lanka,6 wickets,Nottingham,
35,06-09-2009,Netherlands,Pakistan,Pakistan,82 runs,London,
36,06-09-2009,New Zealand,South Africa,South Africa,1 run,London,
37,06-10-2009,Sri Lanka,West Indies,Sri Lanka,15 runs,Nottingham,
38,06-10-2009,India,Ireland,India,8 wickets,Nottingham,
39,06-11-2009,Ireland,New Zealand,New Zealand,83 runs,Nottingham,
40,06-11-2009,England vs,South Africa,South Africa,7 wickets,Nottingham,
41,06-12-2009,Pakistan,Sri Lanka,Sri Lanka,19 runs,London,
42,06-12-2009,India vs,West Indies,West Indies,7 wickets,London,
43,13-06-2009,South Africa,West Indies,South Africa,20 runs,London,
44,13-06-2009,New Zealand,Pakistan,Pakistan,6 wickets,London,
45,14-06-2009,Ireland,Sri Lanka,Sri Lanka,9 runs,London,
46,14-06-2009,England,India,England,3 runs,London,
47,15-06-2009,Ireland,Pakistan,Pakistan,39 runs,London,
48,15-06-2009,England vs,West Indies,West Indies,5 wickets(D/L method),London,
49,16-06-2009,New Zealand,Sri Lanka,Sri Lanka,48 runs,Nottingham,
50,16-06-2009,India,South Africa,South Africa,12 runs,Nottingham,
51,18-06-2009,Pakistan,South Africa,Pakistan,7 runs,Nottingham,
52,19-06-2009,Sri Lanka,West Indies,Sri Lanka,57 runs,London,
53,21-06-2009,Pakistan,Sri Lanka,Pakistan,8 wickets,London,
54,30-04-2010,New Zealand ,Sri Lanka,New Zealand,2 wickets,Guyana,
55,30-04-2010,West Indies,Ireland,West Indies,70 runs, Guyana,
56,01-05-2010,Afghanistan,India,India,7 wickets,St Lucia,
57,01-05-2010,Bangladesh,Pakistan,Pakistan,21 runs,St Lucia,
58,02-05-2010,India,South Africa,India,14 runs,St Lucia,
59,02-05-2010,Australia,Pakistan,Australia,34 runs,St Lucia,
60,03-05-2010,Sri Lanka,Zimbabwe,Sri Lanka,14 runs (D/L method),Guyana,
61,03-05-2010,West Indies,England,West Indies,8 wickets (D/L method),Guyana,
62,04-05-2010,New Zealand,Zimbabwe,New Zealand,7 runs (D/L method),Guyana,
63,04-05-2010,England,Ireland,,No Result,Guyana,
64,05-05-2010,Australia,Bangladesh,Australia,27 runs,Barbados,
65,05-05-2010,Afghanistan,South Africa,South Africa,59 runs,Barbados,
66,06-05-2010,England,Pakistan,England,6 wickets,Barbados,
67,06-05-2010,New Zealand,South Africa,South Africa,13 runs,Barbados,
68,07-05-2010,Australia,India,Australia,49 runs,Barbados,
69,07-05-2010,West Indies,Sri Lanka,Sri Lanka,57 runs,Barbados,
70,08-05-2010,New Zealand,Pakistan,New Zealand,1 run,Barbados,
71,08-05-2010,England,South Africa,England,39 runs,Barbados,
72,09-05-2010,West Indies,India,West Indies,14 runs,Barbados,
73,09-05-2010,Australia,Sri Lanka,Australia,81 runs,Barbados,
74,10-05-2010,Pakistan,South Africa,Pakistan,11 runs,St Lucia,
75,10-05-2010,England,New Zealand,England,3 wickets,St Lucia,
76,11-05-2010,India,Sri Lanka,Sri Lanka,5 wickets,St Lucia,
77,11-05-2010,West Indies,Australia,Australia,6 wickets,St Lucia,
78,13-05-2010,England,Sri Lanka,England,7 wickets,St Lucia,
79,14-05-2010,Australia,Pakistan,Australia,3 wickets,St Lucia,
80,16-05-2010,Australia,England,England,7 wickets,Barbados,
81,18-09-2012,Sri Lanka,Zimbabwe,Sri Lanka,82 runs,Hambantota,
82,19-09-2012,Australia,Ireland,Australia,7 wickets,Colombo,
83,19-09-2012,India,Afghanistan,India,23 runs,Colombo,
84,20-09-2012,South Africa,Zimbabwe,South Africa,10 wickets,Hambantota,
85,21-09-2012,Bangladesh,New Zealand,New Zealand,59 runs,Pallekele,
86,21-09-2012,England,Afghanistan,England,116 runs,Colombo,
87,22-09-2012,Sri Lanka,South Africa,South Africa,32 runs,Hambantota,
88,22-09-2012,Australia,West Indies,Australia,17 runs (D/L method),Colombo,
89,23-09-2012,New Zealand,Pakistan,Pakistan,13 runs,Pallekele,
90,23-09-2012,England,India,India,90 runs,Colombo,
91,24-09-2012,West Indies,Ireland,,,Colombo,
92,25-09-2012,Bangladesh,Pakistan,Pakistan,8 wickets,Pallekele,
93,27-09-2012,Sri Lanka,New Zealand,Match Tied,one-over eliminator,Pallekele,
94,27-09-2012,England,West Indies,West Indies,15 runs,Pallekele,
95,28-09-2012,Pakistan,South Africa,Pakistan,2 wickets,Colombo,
96,28-09-2012,Australia,India,Australia,9 wickets,Colombo,
97,29-09-2012,England,New Zealand,England,6 wickets,Pallekele,
98,29-09-2012,Sri Lanka,West Indies,Sri Lanka,9 wickets,Pallekele,
99,30-09-2012,Australia,South Africa,Australia,8 wickets,Colombo,
100,30-09-2012,Pakistan,India,India,8 wickets,Colombo,
101,10-01-2012,West Indies,New Zealand,Match Tied,one-over eliminator,Pallekele,
102,10-01-2012,Sri Lanka,England,Sri Lanka,19 runs,Pallekele,
103,10-02-2012,Australia,Pakistan,Pakistan,32 runs,Colombo,
104,10-02-2012,India vs,South Africa,India,1 run,Colombo,
105,10-04-2012,Sri Lanka,Pakistan,Sri Lanka,16 runs,Colombo,
106,10-05-2012,Australia,West Indies,West Indies,74 runs,Colombo,
107,10-07-2012,Sri Lanka,West Indies,West Indies,36 runs,Colombo,
108,16-03-2014,Bangladesh,Afghanistan,Bangladesh,9 wickets,Dhaka,
109,16-03-2014,Hong Kong,Nepal,Nepal,80 runs,Chattogram,
110,17-03-2014,Ireland,Zimbabwe,Ireland,3 wickets,Sylhet,
111,17-03-2014,Netherlands,UAE,Netherlands,6 wickets,Sylhet,
112,18-03-2014,Afghanistan,Hong Kong,Afghanistan,7 wickets,Chattogram,
113,18-03-2014,Bangladesh,Nepal,Bangladesh,8 wickets,Chattogram,
114,19-03-2014,Netherlands,Zimbabwe,Zimbabwe,5 wickets,Sylhet,
115,19-03-2014,Ireland,UAE,Ireland,21 runs (D/L method),Sylhet,
116,20-03-2014,Afghanistan,NEPAL,Nepal,9 runs,Chattogram,
117,20-03-2014,Bangladesh,Hong Kong,Hong Kong,2 wickets,Chattogram,
118,21-03-2014,Zimbabwe,UAE,Zimbabwe,5 wickets,Sylhet,
119,21-03-2014,Ireland,Netherlands,Netherlands,6 wickets,Sylhet,
120,21-03-2014,India,Pakistan,India,7 wickets,Dhaka,
121,22-03-2014,South Africa,Sri Lanka,Sri Lanka,5 runs,Chattogram,
122,22-03-2014,England,New Zealand,New Zealand,9 runs (D/L Method),Chattogram,
123,23-03-2014,Australia,Pakistan,Pakistan,16 runs,Dhaka,
124,23-03-2014,India,West Indies,India,7 wickets,Dhaka,
125,24-03-2014,New Zealand,South Africa,South Africa,2 runs,Chattogram,
126,24-03-2014,Netherlands,Sri Lanka,Sri Lanka,9 wickets,Chattogram,
127,25-03-2014,Bangladesh,West Indies,West Indies,73 runs,Dhaka,
128,27-03-2014,Netherlands,South Africa,South Africa,6 runs,Chattogram,
129,27-03-2014,England,Sri Lanka,England,6 wickets,Chattogram,
130,28-03-2014,Australia,West Indies,West Indies,6 wickets,Dhaka,
131,28-03-2014,Bangladesh,India,India,8 wickets,Dhaka,
132,29-03-2014,Netherlands,New Zealand,New Zealand,6 wickets,Chattogram,
133,29-03-2014,England,South Africa,South Africa,3 runs,Chattogram,
134,30-03-2014,Bangladesh,Pakistan,Pakistan,50 runs,Dhaka,
135,30-03-2014,Australia,India,India,73 runs,Dhaka,
136,31-03-2014,England,Netherlands,Netherlands,45 runs,Chattogram,
137,31-03-2014,New Zeland,Sri Lanka,Sri Lanka,59 runs,Chattogram,
138,04-01-2014,Bangladesh,Australia,Australia,7 wickets,Dhaka,
139,04-01-2014,Pakistan,West Indies,West Indies,84 runs,Dhaka,
140,04-03-2014,Sri Lanka,West Indies,Sri Lanka,27 runs (D/L method),Dhaka,
141,04-04-2014,India,South Africa,India,6 wickets,Dhaka,
142,04-06-2014,India,Sri Lanka,Sri Lanka,6 wickets,Dhaka,
143,03-08-2016,Hong Kong,Zimbabwe,Zimbabwe,14 runs,Nagpur,
144,03-08-2016,Afghanistan,Scotland,Afghanistan,14 runs,Nagpur,
145,03-09-2016,Bangladesh,Netherlands,Bangladesh,8 runs,Dharamsala,
146,03-09-2016,Ireland,Oman,Oman,2 wickets,Dharamsala,
147,03-10-2016,Scotland,Zimbabwe,Zimbabwe,11 runs,Nagpur,
148,03-10-2016,Afghanistan,Hong Kong,Afghanistan,6 wickets,Nagpur,
149,03-11-2016,Oman,Netherlands,,Abandoned with a toss,Dharamsala,
150,03-11-2016,Bangladesh,Ireland,,,Dharamsala,
151,03-12-2016,Afghanistan,Zimbabwe,Afghanistan,59 runs,Nagpur,
152,03-12-2016,Hong Kong,Scotland,Scotland,8 wickets DLS method,Nagpur,
153,13-03-2016,Ireland,Netherlands,Netherlands,12 runs,Dharamsala,
154,13-03-2016,Bangladesh,Oman,Bangladesh,54 runs DLS method,Dharamsala,
155,15-03-2016,India,New Zealand,New Zealand,47 runs,Nagpur,
156,16-03-2016,Pakistan,Bangladesh,Pakistan,55 runs,Kolkata,
157,16-03-2016,England,West Indies,West Indies,6 wickets,Mumbai,
158,17-03-2016,Sri Lanka,Afghanistan,Sri Lanka,6 wickets,Kolkata,
159,18-03-2016,Australia,New Zealand,New Zealand,8 runs,Dharamsala,
160,18-03-2016,England,South Africa,England,2 wickets,Mumbai,
161,19-03-2016,India,Pakistan,India,6 wickets,Kolkata,
162,20-03-2016,South Africa,Afghanistan,South Africa,37 runs,Mumbai,
163,20-03-2016,Sri Lanka,West Indies,West Indies,7 wickets,Bengaluru,
164,21-03-2016,Australia,Bangladesh,Australia,3 wickets,Bengaluru,
165,22-03-2016,New Zealand,Pakistan,New Zealand,22 runs,Mohali,
166,23-03-2016,England,Afghanistan,England,15 runs,Delhi,
167,23-03-2016,India,Bangladesh,India,1 run,Bengaluru,
168,25-03-2016,Australia,Pakistan,Australia,21 runs,Mohali,
169,25-03-2016,South Africa,West Indies,West Indies,3 wickets,Nagpur,
170,26-03-2016,New Zealand,Bangladesh,New Zealand,75 runs,Kolkata,
171,26-03-2016,England,Sri Lanka,England,10 runs,Delhi,
172,27-03-2016,West Indies,Afghanistan,Afghanistan,6 runs,Nagpur,
173,27-03-2016,India,Australia,India,6 wickets,Mohali,
174,28-03-2016,South Africa,Sri Lanka,South Africa,8 wickets,Delhi,
175,30-03-2016,England,New Zealand,England,7 wickets,Delhi,
176,31-03-2016,West Indies,India,West Indies,7 wickets,Mumbai,
177,04-03-2016,England,West Indies,West Indies,4 wickets,Kolkata,
178,03-01-2017,New Zealand,Bangladesh,New Zealand,6 wickets,Napier,
179,06-01-2017,New Zealand,Bangladesh,New Zealand,47 runs,Mount Maunganui,
180,08-01-2017,New Zealand,Bangladesh,New Zealand,27 runs,Mount Maunganui,
181,14-01-2017,Hong Kong,Scotland,Scotland,24 runs,Abu Dhabi,
182,14-01-2017,Afghanistan,Ireland,Afghanistan,5 wickets,Abu Dhabi,
183,15-01-2017,Netherlands,Oman,Netherlands,5 wickets,Abu Dhabi,
184,16-01-2017,Hong Kong,Oman,Oman,7 wickets,Abu Dhabi,
185,16-01-2017,U.A.E.,Afghanistan,Afghanistan,5 wickets,Abu Dhabi,
186,17-01-2017,Netherlands,Scotland,Scotland,7 runs,Abu Dhabi,
187,18-01-2017,U.A.E.,Ireland,Ireland,24 runs,Dubai (DSC),
188,18-01-2017,Hong Kong,Netherlands,Hong Kong,91 runs,Dubai (DSC),
189,19-01-2017,Oman,Scotland,Scotland,7 wickets,Dubai (DSC),
190,20-01-2017,Afghanistan,Oman,Afghanistan,8 wickets,Dubai (DSC),
191,20-01-2017,Ireland,Scotland,Ireland,98 runs,Dubai (DSC),
192,20-01-2017,Afghanistan,Ireland,Afghanistan,10 wickets,Dubai (DSC),
193,20-01-2017,South Africa,Sri Lanka,South Africa,19 runs,Centurion,
194,22-01-2017,South Africa,Sri Lanka,Sri Lanka,3 wickets,Johannesburg,
195,25-01-2017,South Africa,Sri Lanka,Sri Lanka,5 wickets,Cape Town,
196,26-01-2017,India,England,England,7 wickets,Kanpur,
197,29-01-2017,India,England,India,5 runs,Nagpur,
198,01-02-2017,India,England,India,75 runs,Bengaluru,
199,17-02-2017,New Zealand,South Africa,South Africa,78 runs,Auckland,
200,17-02-2017,Australia,Sri Lanka,Sri Lanka,5 wickets,Melbourne,
201,19-02-2017,Australia,Sri Lanka,Sri Lanka,2 wickets,Geelong,
202,22-02-2017,Australia,Sri Lanka,Australia,41 runs,Adelaide,
203,08-03-2017,Afghanistan,Ireland,Afghanistan,6 wickets,Greater Noida,
204,10-03-2017,Afghanistan,Ireland,Afghanistan,17 runs,Greater Noida,
205,12-03-2017,Afghanistan,Ireland,Afghanistan,28 runs,Greater Noida,
206,26-03-2017,West Indies,Pakistan,Pakistan,6 wickets,Bridgetown,
207,30-03-2017,West Indies,Pakistan,Pakistan,3 runs,Port of Spain,
208,01-04-2017,West Indies,Pakistan,West Indies,7 wickets,Port of Spain,
209,02-04-2017,West Indies,Pakistan,Pakistan,7 wickets,Port of Spain,
210,04-04-2017,Sri Lanka,Bangladesh,Sri Lanka,6 wickets,Colombo (RPS),
211,06-04-2017,Sri Lanka,Bangladesh,Bangladesh,45 runs,Colombo (RPS),
212,12-04-2017,U.A.E.,P.N.G.,U.A.E.,5 wickets,Abu Dhabi,
213,14-04-2017,U.A.E.,P.N.G.,U.A.E.,30 runs,Abu Dhabi,
214,14-04-2017,U.A.E.,P.N.G.,U.A.E.,5 wickets,Abu Dhabi,
215,02-06-2017,West Indies,Afghanistan,West Indies,6 wickets,Basseterre,
216,03-06-2017,West Indies,Afghanistan,West Indies,29 runs,Basseterre,
217,05-06-2017,West Indies,Afghanistan,West Indies,7 wickets,Basseterre,
218,21-06-2017,England,South Africa,England,9 wickets,Southampton,
219,23-06-2017,England,South Africa,South Africa,3 runs,Taunton,
220,25-06-2017,England,South Africa,England,19 runs,Cardiff,
221,09-07-2017,West Indies,India,West Indies,9 wickets,Kingston,
222,06-09-2017,Sri Lanka,India,India,7 wickets,Colombo (RPS),
223,12-09-2017,Pakistan,World-XI,Pakistan,20 runs,Lahore,
224,13-09-2017,Pakistan,World-XI,World-XI,7 wickets,Lahore,
225,15-09-2017,Pakistan,World-XI,Pakistan,33 runs,Lahore,
226,16-09-2017,England,West Indies,West Indies,21 runs,Chester-le-Street,
227,07-10-2017,India,Australia,India,9 wickets,Ranchi,
228,10-10-2017,India,Australia,Australia,8 wickets,Guwahati,
229,26-10-2017,Pakistan,Sri Lanka,Pakistan,7 wickets,Abu Dhabi,
230,26-10-2017,South Africa,Bangladesh,South Africa,20 runs,Bloemfontein,
231,27-10-2017,Pakistan,Sri Lanka,Pakistan,2 wickets,Abu Dhabi,
232,29-10-2017,South Africa,Bangladesh,South Africa,83 runs,Potchefstroom,
233,29-10-2017,Pakistan,Sri Lanka,Pakistan,36 runs,Lahore,
234,01-11-2017,India,New Zealand,India,53 runs,Delhi,
235,04-11-2017,India,New Zealand,New Zealand,40 runs,Rajkot,
236,07-11-2017,India,New Zealand,India,6 runs,Thiruvananthapuram,
237,20-12-2017,India,Sri Lanka,India,93 runs,Cuttack,
238,22-12-2017,India,Sri Lanka,India,88 runs,Indore,
239,24-12-2017,India,Sri Lanka,India,5 wickets,Wankhede,
240,29-12-2017,New Zealand,West Indies,New Zealand,47 runs,Nelson,
241,01-01-2018,New Zealand,West Indies,no result,,Mount Maunganui,
242,03-01-2018,New Zealand,West Indies,New Zealand,119 runs,Mount Maunganui,
243,22-01-2018,New Zealand,Pakistan,New Zealand,7 wickets,Wellington,
244,25-01-2018,New Zealand,Pakistan,Pakistan,48 runs,Auckland,
245,28-01-2018,New Zealand,Pakistan,Pakistan,18 runs,Mount Maunganui,
246,03-02-2018,Australia,New Zealand,Australia,7 wickets,Sydney,
247,05-02-2018,Afghanistan,Zimbabwe,Afghanistan,5 wickets,Sharjah,
248,06-02-2018,Afghanistan,Zimbabwe,Afghanistan,17 runs,Sharjah,
249,07-02-2018,Australia,England,Australia,5 wickets,Hobart,
250,10-02-2018,Australia,England,Australia,7 wickets,Melbourne,
251,13-02-2018,New Zealand,England,New Zealand,12 runs,Wellington,
252,15-02-2018,Bangladesh,Sri Lanka,Sri Lanka,6 wickets,Mirpur,
253,16-02-2018,New Zealand,Australia,Australia,5 wickets,Auckland,
254,18-02-2018,New Zealand,England,England,2 runs,Hamilton,
255,18-02-2018,Bangladesh,Sri Lanka,Sri Lanka,75 runs,Sylhet,
256,18-02-2018,South Africa,India,India,28 runs,Johannesburg,
257,21-02-2018,New Zealand,Australia,Australia,19 runs,Auckland,
258,21-02-2018,South Africa,India,South Africa,6 wickets,Centurion,
259,24-02-2018,South Africa,India,India,7 runs,Cape Town,
260,06-03-2018,Sri Lanka,India,Sri Lanka,5 wickets,Colombo (RPS),
261,08-03-2018,Bangladesh,India,India,6 wickets,Colombo (RPS),
262,10-03-2018,Sri Lanka,Bangladesh,Bangladesh,5 wickets,Colombo (RPS),
263,12-03-2018,Sri Lanka,India,India,6 wickets,Colombo (RPS),
264,14-03-2018,Bangladesh,India,India,17 runs,Colombo (RPS),
265,16-03-2018,Sri Lanka,Bangladesh,Bangladesh,2 wickets,Colombo (RPS),
266,18-03-2018,Bangladesh,India,India,4 wickets,Colombo (RPS),
267,01-04-2018,Pakistan,West Indies,Pakistan,143 runs,Karachi,
268,02-04-2018,Pakistan,West Indies,Pakistan,82 runs,Karachi,
269,03-04-2018,Pakistan,West Indies,Pakistan,8 wickets,Karachi,
270,31-05-2018,ICC World XI,West Indies,West Indies,72 runs,London,
271,03-06-2018,Afghanistan,Bangladesh,Afghanistan,45 runs,Dehradun,
272,05-06-2018,Afghanistan,Bangladesh,Afghanistan,6 wickets,Dehradun,
273,07-06-2018,Afghanistan,Bangladesh,Afghanistan,1 run,Dehradun,
274,12-06-2018,Netherlands,Ireland,Netherlands,4 runs,Rotterdam,
275,12-06-2018,Scotland,Pakistan,Pakistan,48 runs,Edinburgh,
276,13-06-2018,Netherlands,Ireland,Netherlands,4 wickets,Rotterdam,
277,13-06-2018,Scotland,Pakistan,Pakistan,84 runs,Edinburgh,
278,16-06-2018,Ireland,Scotland,Ireland,46 runs,Deventer,
279,17-06-2018,Ireland,Scotland,tied,,Deventer,
280,19-06-2018,Netherlands,Scotland,Scotland,7 wickets,Amstelveen,
281,20-06-2018,Netherlands,Scotland,Scotland,115 runs,Amstelveen,
282,27-06-2018,Ireland,India,India,76 runs,Dublin (Malahide),
283,27-06-2018,England,Australia,England,28 runs,Birmingham,
284,29-06-2018,Ireland,India,India,143 runs,Dublin (Malahide),
285,01-07-2018,Zimbabwe,Pakistan,Pakistan,74 runs,Harare,
286,02-07-2018,Australia,Pakistan,Australia,9 wickets,Harare,
287,03-07-2018,Zimbabwe,Australia,Australia,100 runs,Harare,
288,03-07-2018,England,India,India,8 wickets,Manchester,
289,04-07-2018,Zimbabwe,Pakistan,Pakistan,7 wickets,Harare,
290,05-07-2018,Australia,Pakistan,Pakistan,45 runs,Harare,
291,06-07-2018,Zimbabwe,Australia,Australia,5 wickets,Harare,
292,06-07-2018,England,India,England,5 wickets,Cardiff,
293,08-07-2018,Australia,Pakistan,Pakistan,6 wickets,Harare,
294,08-07-2018,England,India,India,7 wickets,Bristol,
295,29-07-2018,Nepal,Netherlands,no result,,Lord's,
296,31-07-2018,West Indies,Bangladesh,West Indies,7 wickets,Basseterre,
297,04-08-2018,Bangladesh,West Indies,Bangladesh,12 runs,Lauderhill,
298,05-08-2018,Bangladesh,West Indies,Bangladesh,19 runs,Lauderhill,
299,14-08-2018,Sri Lanka,South Africa,Sri Lanka,3 wickets,Colombo (RPS),
300,20-08-2018,Ireland,Afghanistan,Afghanistan,16 runs,Bready,
301,22-08-2018,Ireland,Afghanistan,Afghanistan,81 runs,Bready,
302,09-10-2018,South Africa,Zimbabwe,South Africa,34 runs,East London,
303,12-10-2018,South Africa,Zimbabwe,South Africa,6 wickets,Potchefstroom,
304,22-10-2018,U.A.E.,Australia,Australia,7 wickets,Tolerance Oval,
305,24-10-2018,Australia,Pakistan,Pakistan,66 runs,Abu Dhabi,
306,26-10-2018,Australia,Pakistan,Pakistan,11 runs,Dubai (DSC),
307,27-10-2018,Sri Lanka,England,England,30 runs,Colombo (RPS),
308,28-10-2018,Australia,Pakistan,Pakistan,33 runs,Dubai (DSC),
309,31-10-2018,New Zealand,Pakistan,Pakistan,2 runs,Abu Dhabi,
310,02-11-2018,New Zealand,Pakistan,Pakistan,6 wickets,Dubai (DSC),
311,04-11-2018,India,West Indies,India,5 wickets,Kolkata,
312,04-11-2018,New Zealand,Pakistan,Pakistan,47 runs,Dubai (DSC),
313,06-11-2018,India,West Indies,India,71 runs,Lucknow,
314,11-11-2018,India,West Indies,India,6 wickets,Chennai,
315,17-11-2018,Australia,South Africa,South Africa,21 runs,Carrara,
316,21-11-2018,Australia,India,Australia,4 runs,Brisbane,
317,23-11-2018,Australia,India,no result,,Melbourne,
318,25-11-2018,Australia,India,India,6 wickets,Sydney,
319,17-12-2018,Bangladesh,West Indies,West Indies,8 wickets,Sylhet,
320,20-12-2018,Bangladesh,West Indies,Bangladesh,36 runs,Mirpur,
321,22-12-2018,Bangladesh,West Indies,West Indies,50 runs,Mirpur,
322,11-01-2019,New Zealand,Sri Lanka,New Zealand,35 runs,Auckland,
323,20-01-2019,Bahrain,Saudi Arabia,Bahrain,41 runs,Al Amerat,
324,20-01-2019,Kuwait,Maldives,Kuwait,8 wickets,Al Amerat,
325,21-01-2019,Bahrain,Maldives,Bahrain,2 wickets,Al Amerat,
326,21-01-2019,Qatar,Saudi Arabia,Qatar,4 wickets,Al Amerat,
327,22-01-2019,Kuwait,Qatar,tied,,Al Amerat,
328,22-01-2019,Maldives,Saudi Arabia,Saudi Arabia,6 wickets,Al Amerat,
329,23-01-2019,Maldives,Qatar,Qatar,8 wickets,Al Amerat,
330,23-01-2019,Bahrain,Kuwait,Kuwait,7 wickets,Al Amerat,
331,24-01-2019,Kuwait,Saudi Arabia,Saudi Arabia,7 wickets,Al Amerat,
332,24-01-2019,Bahrain,Qatar,Qatar,48 runs,Al Amerat,
333,24-01-2019,Qatar,Saudi Arabia,Saudi Arabia,8 wickets,Al Amerat,
334,31-01-2019,U.A.E.,Nepal,U.A.E.,21 runs,ICCA Dubai,
335,01-02-2019,U.A.E.,Nepal,Nepal,4 wickets,ICCA Dubai,
336,01-02-2019,South Africa,Pakistan,South Africa,6 runs,Cape Town,
337,03-02-2019,U.A.E.,Nepal,Nepal,14 runs,ICCA Dubai,
338,03-02-2019,South Africa,Pakistan,South Africa,7 runs,Johannesburg,
339,06-02-2019,New Zealand,India,New Zealand,80 runs,Wellington,
340,06-02-2019,South Africa,Pakistan,Pakistan,27 runs,Centurion,
341,08-02-2019,New Zealand,India,India,7 wickets,Auckland,
342,10-02-2019,New Zealand,India,New Zealand,4 runs,Hamilton,
343,13-02-2019,Netherlands,Scotland,Netherlands,7 wickets,Al Amerat,
344,13-02-2019,Oman,Ireland,Ireland,15 runs,Al Amerat,
345,15-02-2019,Oman,Netherlands,Netherlands,8 wickets,Al Amerat,
346,15-02-2019,Ireland,Scotland,Scotland,6 wickets,Al Amerat,
347,17-02-2019,Ireland,Netherlands,Ireland,1 wicket,Al Amerat,
348,17-02-2019,Oman,Scotland,Scotland,7 wickets,Al Amerat,
349,21-02-2019,Afghanistan,Ireland,Afghanistan,5 wickets,Dehradun,
350,23-02-2019,Afghanistan,Ireland,Afghanistan,84 runs,Dehradun,
351,24-02-2019,Afghanistan,Ireland,Afghanistan,32 runs,Dehradun,
352,24-02-2019,India,Australia,Australia,3 wickets,Visakhapatnam,
353,27-02-2019,India,Australia,Australia,7 wickets,Bengaluru,
354,05-03-2019,West Indies,England,England,4 wickets,Gros Islet,
355,08-03-2019,West Indies,England,England,137 runs,Basseterre,
356,10-03-2019,West Indies,England,England,8 wickets,Basseterre,
357,15-03-2019,U.A.E.,U.S.A.,no result,,ICCA Dubai,
358,16-03-2019,U.A.E.,U.S.A.,U.A.E.,24 runs,ICCA Dubai,
359,19-03-2019,South Africa,Sri Lanka,tied,,Cape Town,
360,22-03-2019,P.N.G.,Philippines,P.N.G.,133 runs,Port Moresby,
361,22-03-2019,P.N.G.,Vanuatu,P.N.G.,8 wickets,Port Moresby,
362,22-03-2019,South Africa,Sri Lanka,South Africa,16 runs,Centurion,
363,23-03-2019,Philippines,Vanuatu,Vanuatu,63 runs,Port Moresby,
364,23-03-2019,P.N.G.,Philippines,no result,,Port Moresby,
365,24-03-2019,Philippines,Vanuatu,Philippines,10 runs,Port Moresby,
366,24-03-2019,P.N.G.,Vanuatu,P.N.G.,10 wickets,Port Moresby,
367,24-03-2019,South Africa,Sri Lanka,South Africa,45 runs,Johannesburg,
368,29-03-2019,Spain,Malta,Spain,7 wickets,Cartagena,
369,30-03-2019,Spain,Malta,Spain,109 runs,Cartagena,
370,25-04-2019,Mexico,Belize,Belize,4 wickets,Naucalpan,
371,25-04-2019,Costa Rica,Panama,Panama,7 wickets,Naucalpan,
372,26-04-2019,Mexico,Costa Rica,Mexico,3 wickets,Naucalpan,
373,26-04-2019,Belize,Panama,Belize,9 runs,Naucalpan,
374,27-04-2019,Belize,Costa Rica,Belize,5 wickets,Naucalpan,
375,27-04-2019,Mexico,Panama,Panama,33 runs,Naucalpan,
376,05-05-2019,England,Pakistan,England,7 wickets,Cardiff,
377,11-05-2019,Belgium,Germany,Germany,9 runs,Waterloo,
378,11-05-2019,Belgium,Germany,Germany,62 runs,Waterloo,
379,12-05-2019,Belgium,Germany,Germany,6 wickets,Waterloo,
380,20-05-2019,Kenya,Nigeria,Kenya,8 wickets,Kampala,
381,20-05-2019,Ghana,Namibia,Namibia,9 wickets,Kampala,
382,20-05-2019,Uganda,Botswana,Uganda,52 runs,Kampala,
383,21-05-2019,Uganda,Namibia,Namibia,42 runs,Kampala,
384,21-05-2019,Botswana,Nigeria,Nigeria,11 runs,Kampala,
385,21-05-2019,Ghana,Kenya,Kenya,53 runs,Kampala,
386,22-05-2019,Ghana,Nigeria,Nigeria,28 runs,Kampala,
387,22-05-2019,Botswana,Namibia,Namibia,10 wickets,Kampala,
388,22-05-2019,Uganda,Kenya,Kenya,1 run,Kampala,
389,23-05-2019,Uganda,Ghana,Uganda,7 wickets,Kampala,
390,25-05-2019,Germany,Italy,Italy,7 wickets,Utrecht,
391,25-05-2019,Germany,Italy,Italy,6 wickets,Utrecht,
392,31-05-2019,Guernsey,Jersey,tied,,St Peter Port,
393,01-06-2019,Guernsey,Jersey,Jersey,41 runs,Castel,
394,01-06-2019,Guernsey,Jersey,Jersey,76 runs,Castel,
395,15-06-2019,Guernsey,Jersey,Jersey,8 wickets,Castel,
396,15-06-2019,Italy,Norway,Italy,20 runs,St Peter Port,
397,15-06-2019,Guernsey,Germany,Germany,5 wickets,Castel,
398,16-06-2019,Germany,Italy,Italy,5 wickets,St Peter Port,
399,16-06-2019,Denmark,Jersey,Jersey,18 runs,Castel,
400,16-06-2019,Guernsey,Italy,Italy,11 runs,St Peter Port,
401,16-06-2019,Jersey,Norway,Jersey,80 runs,Castel,
402,17-06-2019,Denmark,Norway,Denmark,46 runs,Castel,
403,18-06-2019,Guernsey,Denmark,no result,,Castel,
404,18-06-2019,Denmark,Italy,no result,,Castel,
405,19-06-2019,Guernsey,Norway,Guernsey,4 wickets,Castel,
406,19-06-2019,Italy,Jersey,Jersey,73 runs,St Peter Port,
407,19-06-2019,Denmark,Germany,Germany,7 wickets,Castel,
408,20-06-2019,Guernsey,Denmark,Guernsey,6 runs,Castel,
409,20-06-2019,Germany,Norway,Germany,7 wickets,St Peter Port,
410,20-06-2019,Denmark,Italy,Denmark,30 runs,Castel,
411,20-06-2019,Germany,Jersey,Germany,3 wickets,St Peter Port,
412,23-06-2019,Netherlands,Zimbabwe,Netherlands,49 runs,Rotterdam,
413,24-06-2019,Malaysia,Thailand,Malaysia,5 wickets,Kuala Lumpur,
414,25-06-2019,Malaysia,Maldives,Malaysia,73 runs,Kuala Lumpur,
415,25-06-2019,Netherlands,Zimbabwe,tied,,Rotterdam,
416,26-06-2019,Maldives,Thailand,Maldives,2 wickets,Kuala Lumpur,
417,27-06-2019,Malaysia,Thailand,Malaysia,8 wickets,Kuala Lumpur,
418,28-06-2019,Malaysia,Maldives,no result,,Kuala Lumpur,
419,29-06-2019,Maldives,Thailand,Thailand,5 wickets,Kuala Lumpur,
420,04-07-2019,Qatar,Kuwait,Kuwait,7 wickets,Doha,
421,05-07-2019,Qatar,Kuwait,tied,,Doha,
422,06-07-2019,Qatar,Kuwait,Qatar,3 wickets,Doha,
423,08-07-2019,Samoa,P.N.G.,P.N.G.,9 wickets,Apia (No 1),
424,09-07-2019,P.N.G.,Vanuatu,P.N.G.,3 wickets,Apia (No 3),
425,09-07-2019,Samoa,Vanuatu,Samoa,2 wickets,Apia (No 1),
426,10-07-2019,Samoa,P.N.G.,P.N.G.,7 wickets,Apia (No 2),
427,12-07-2019,Samoa,Vanuatu,Vanuatu,32 runs,Apia (No 3),
428,12-07-2019,P.N.G.,Vanuatu,P.N.G.,59 runs,Apia (No 2),
429,12-07-2019,Ireland,Zimbabwe,Ireland,9 wickets,Bready,
430,13-07-2019,P.N.G.,Vanuatu,P.N.G.,32 runs,Apia (No 2),
431,13-07-2019,Malaysia,Nepal,Nepal,7 wickets,Kuala Lumpur,
432,13-07-2019,Denmark,Finland,Denmark,1 run,Brondby,
433,13-07-2019,Denmark,Finland,Denmark,38 runs,Brondby,
434,14-07-2019,Malaysia,Nepal,Nepal,6 runs,Kuala Lumpur,
435,14-07-2019,Ireland,Zimbabwe,Zimbabwe,8 wickets,Bready,
436,22-07-2019,Singapore,Qatar,Singapore,33 runs,Singapore,
437,22-07-2019,Kuwait,Malaysia,Malaysia,42 runs,Singapore,
438,23-07-2019,Nepal,Qatar,Qatar,4 wickets,Singapore,
439,24-07-2019,Malaysia,Nepal,Nepal,7 wickets,Singapore,
440,26-07-2019,Kuwait,Qatar,Kuwait,10 runs,Singapore,
441,26-07-2019,Singapore,Malaysia,Singapore,8 wickets,Singapore,
442,27-07-2019,Kuwait,Nepal,Nepal,7 wickets,Singapore,
443,27-07-2019,Malaysia,Qatar,Qatar,4 wickets,Singapore,
444,28-07-2019,Singapore,Nepal,Singapore,82 runs,Singapore,
445,03-08-2019,Netherlands,U.A.E.,U.A.E.,13 runs,Amstelveen,
446,03-08-2019,India,West Indies,India,4 wickets,Lauderhill,
447,04-08-2019,India,West Indies,India,22 runs,Lauderhill,
448,05-08-2019,Netherlands,U.A.E.,U.A.E.,5 wickets,Amstelveen,
449,06-08-2019,Netherlands,U.A.E.,U.A.E.,14 runs,The Hague,
450,06-08-2019,West Indies,India,India,7 wickets,Providence,
451,08-08-2019,Netherlands,U.A.E.,U.A.E.,7 wickets,The Hague,
452,17-08-2019,Finland,Spain,Finland,82 runs,Kerava,
453,17-08-2019,Finland,Spain,Spain,6 wickets,Kerava,
454,18-08-2019,Finland,Spain,Spain,4 wickets,Kerava,
455,18-08-2019,Bermuda,U.S.A.,Bermuda,6 runs,Sandys Parish,
456,18-08-2019,Canada,Cayman Is,Canada,84 runs,Sandys Parish,
457,19-08-2019,Namibia,Botswana,Namibia,93 runs,Windhoek,
458,19-08-2019,Bermuda,Canada,no result,,Hamilton,
459,19-08-2019,Cayman Is,U.S.A.,U.S.A.,10 runs,Hamilton,
460,20-08-2019,Namibia,Botswana,Namibia,124 runs,Windhoek,
461,21-08-2019,Bermuda,Cayman Is,Bermuda,6 wickets,Sandys Parish,
462,21-08-2019,Canada,U.S.A.,Canada,4 wickets,Sandys Parish,
463,22-08-2019,Namibia,Botswana,Namibia,78 runs,Windhoek,
464,22-08-2019,Canada,Cayman Is,Canada,8 wickets,Sandys Parish,
465,22-08-2019,Bermuda,U.S.A.,Bermuda,4 wickets,Sandys Parish,
466,23-08-2019,Namibia,Botswana,Namibia,8 wickets,Windhoek,
467,24-08-2019,Cayman Is,U.S.A.,U.S.A.,9 wickets,Sandys Parish,
468,24-08-2019,Bermuda,Canada,Canada,8 wickets,Sandys Parish,
469,25-08-2019,Canada,U.S.A.,Canada,15 runs,Sandys Parish,
470,25-08-2019,Bermuda,Cayman Is,Bermuda,6 wickets,Sandys Parish,
471,29-08-2019,Romania,Austria,Romania,31 runs,Ilfov County,
472,29-08-2019,Luxembourg,Turkey,Luxembourg,8 wickets,Ilfov County,
473,29-08-2019,Romania,Turkey,Romania,173 runs,Ilfov County,
474,30-08-2019,Austria,Czech Rep.,Austria,8 wickets,Ilfov County,
475,30-08-2019,Romania,Luxembourg,Romania,7 wickets,Ilfov County,
476,30-08-2019,Czech Rep.,Turkey,Czech Rep.,257 runs,Ilfov County,
477,31-08-2019,Austria,Luxembourg,Austria,135 runs,Ilfov County,
478,31-08-2019,Romania,Czech Rep.,Czech Rep.,6 wickets,Ilfov County,
479,31-08-2019,Austria,Turkey,Austria,10 wickets,Ilfov County,
480,01-09-2019,Czech Rep.,Luxembourg,Czech Rep.,6 wickets,Ilfov County,
481,01-09-2019,Austria,Czech Rep.,Austria,30 runs,Ilfov County,
482,01-09-2019,Sri Lanka,New Zealand,New Zealand,5 wickets,Pallekele,
483,03-09-2019,Sri Lanka,New Zealand,New Zealand,4 wickets,Pallekele,
484,06-09-2019,Sri Lanka,New Zealand,Sri Lanka,37 runs,Pallekele,
485,13-09-2019,Bangladesh,Zimbabwe,Bangladesh,3 wickets,Mirpur,
486,14-09-2019,Afghanistan,Zimbabwe,Afghanistan,28 runs,Mirpur,
487,15-09-2019,Bangladesh,Afghanistan,Afghanistan,25 runs,Mirpur,
488,16-09-2019,Netherlands,Scotland,Scotland,58 runs,Dublin (Malahide),
489,17-09-2019,Ireland,Scotland,Ireland,4 wickets,Dublin (Malahide),
490,18-09-2019,Bangladesh,Zimbabwe,Bangladesh,39 runs,Chattogram,
491,18-09-2019,Ireland,Netherlands,Netherlands,6 wickets,Dublin (Malahide),
492,18-09-2019,India,South Africa,India,7 wickets,Mohali,
493,19-09-2019,Netherlands,Scotland,Scotland,6 wickets,Dublin (Malahide),
494,20-09-2019,Afghanistan,Zimbabwe,Zimbabwe,7 wickets,Chattogram,
495,20-09-2019,Ireland,Scotland,Ireland,1 run,Dublin (Malahide),
496,21-09-2019,Bangladesh,Afghanistan,Bangladesh,4 wickets,Chattogram,
497,22-09-2019,India,South Africa,South Africa,9 wickets,Bengaluru,
498,27-09-2019,Nepal,Zimbabwe,Zimbabwe,5 wickets,Singapore,
499,28-09-2019,Singapore,Nepal,Nepal,9 wickets,Singapore,
500,29-09-2019,Malaysia,Vanuatu,Vanuatu,17 runs,Kuala Lumpur,
501,29-09-2019,Singapore,Zimbabwe,Singapore,4 runs,Singapore,
502,01-10-2019,Nepal,Zimbabwe,Zimbabwe,40 runs,Singapore,
503,02-10-2019,Malaysia,Vanuatu,Malaysia,26 runs,Kuala Lumpur,
504,03-10-2019,Malaysia,Vanuatu,Vanuatu,6 wickets,Kuala Lumpur,
505,03-10-2019,Singapore,Zimbabwe,Zimbabwe,8 wickets,Singapore,
506,03-10-2019,Argentina,Mexico,Argentina,9 wickets,Cortijo Polo Club Pitch A,
507,03-10-2019,Brazil,Chile,Brazil,35 runs,Cortijo Polo Club Pitch B,
508,03-10-2019,Peru,Brazil,Peru,2 runs,Cortijo Polo Club Pitch A,
509,04-10-2019,Malaysia,Vanuatu,Malaysia,22 runs,Kuala Lumpur,
510,04-10-2019,Chile,Mexico,Chile,4 wickets,Cortijo Polo Club Pitch A,
511,04-10-2019,Peru,Argentina,Argentina,7 wickets,Cortijo Polo Club Pitch B,
512,04-10-2019,Argentina,Brazil,Argentina,29 runs,Cortijo Polo Club Pitch A,
513,05-10-2019,Oman,Hong Kong,Oman,7 wickets,Al Amerat,
514,05-10-2019,Ireland,Netherlands,Ireland,6 wickets,Al Amerat,
515,05-10-2019,Argentina,Chile,Argentina,28 runs,Cortijo Polo Club Pitch A,
516,05-10-2019,Peru,Mexico,Mexico,39 runs,Cortijo Polo Club Pitch B,
517,05-10-2019,Pakistan,Sri Lanka,Sri Lanka,64 runs,Lahore,
518,05-10-2019,Peru,Chile,Peru,60 runs,Cortijo Polo Club Pitch A,
519,05-10-2019,Brazil,Mexico,Mexico,20 runs,Cortijo Polo Club Pitch B,
520,06-10-2019,Oman,Ireland,Oman,43 runs,Al Amerat,
521,06-10-2019,Hong Kong,Nepal,Nepal,4 wickets,Al Amerat,
522,06-10-2019,Argentina,Mexico,Argentina,4 wickets,Lima Cricket and Football,
523,07-10-2019,Nepal,Netherlands,Nepal,4 wickets,Al Amerat,
524,07-10-2019,Hong Kong,Ireland,Ireland,66 runs,Al Amerat,
525,07-10-2019,Pakistan,Sri Lanka,Sri Lanka,35 runs,Lahore,
526,09-10-2019,Ireland,Nepal,Ireland,13 runs,Al Amerat,
527,09-10-2019,Oman,Netherlands,Oman,7 wickets,Al Amerat,
528,09-10-2019,Pakistan,Sri Lanka,Sri Lanka,13 runs,Lahore,
529,09-10-2019,Qatar,Jersey,Qatar,20 runs,Doha,
530,10-10-2019,Hong Kong,Netherlands,Netherlands,37 runs,Al Amerat,
531,10-10-2019,Oman,Nepal,Oman,6 wickets,Al Amerat,
532,10-10-2019,Qatar,Jersey,Qatar,6 wickets,Doha,
533,11-10-2019,Qatar,Jersey,Qatar,8 wickets,Doha,
534,14-10-2019,Bulgaria,Serbia,Bulgaria,6 wickets,Corfu,
535,15-10-2019,Greece,Serbia,Greece,10 wickets,Corfu,
536,16-10-2019,Greece,Bulgaria,Greece,9 wickets,Corfu,
537,18-10-2019,Malta,Czech Rep.,Czech Rep.,12 runs,Marsa,
538,18-10-2019,Scotland,Singapore,Singapore,2 runs,ICCA Dubai,
539,18-10-2019,Hong Kong,Ireland,Ireland,8 wickets,Abu Dhabi,
540,18-10-2019,Kenya,Netherlands,Netherlands,30 runs,ICCA Dubai,
541,18-10-2019,Greece,Bulgaria,Bulgaria,18 runs,Corfu,
542,18-10-2019,U.A.E.,Oman,Oman,7 wickets,Abu Dhabi,
543,19-10-2019,Bermuda,P.N.G.,P.N.G.,10 wickets,ICCA Dubai,
544,19-10-2019,Jersey,Nigeria,Jersey,69 runs,Abu Dhabi,
545,19-10-2019,Namibia,Netherlands,Netherlands,44 runs,ICCA Dubai,
546,19-10-2019,Kenya,Scotland,Scotland,31 runs,ICCA 2 Dubai,
547,19-10-2019,U.A.E.,Ireland,U.A.E.,5 wickets,Abu Dhabi,
548,20-10-2019,Malta,Czech Rep.,Czech Rep.,82 runs,Marsa,
549,20-10-2019,Namibia,P.N.G.,P.N.G.,81 runs,ICCA 2 Dubai,
550,20-10-2019,Canada,Jersey,Canada,53 runs,Tolerance Oval,
551,20-10-2019,Bermuda,Singapore,Singapore,5 wickets,ICCA 2 Dubai,
552,20-10-2019,Hong Kong,Oman,Oman,7 wickets,Abu Dhabi,
553,21-10-2019,P.N.G.,Scotland,Scotland,4 runs,ICCA Dubai,
554,21-10-2019,U.A.E.,Hong Kong,U.A.E.,8 wickets,Abu Dhabi,
555,21-10-2019,Ireland,Oman,Ireland,35 runs,Tolerance Oval,
556,21-10-2019,Bermuda,Kenya,Kenya,45 runs,ICCA Dubai,
557,21-10-2019,Canada,Nigeria,Canada,50 runs,Abu Dhabi,
558,22-10-2019,Namibia,Scotland,Namibia,24 runs,ICCA Dubai,
559,22-10-2019,Netherlands,Singapore,Netherlands,5 wickets,ICCA Dubai,
560,22-10-2019,U.A.E.,Jersey,Jersey,35 runs,Tolerance Oval,
561,23-10-2019,Bermuda,Namibia,Namibia,6 wickets,ICCA 2 Dubai,
562,23-10-2019,Nigeria,Oman,Oman,7 wickets,Tolerance Oval,
563,23-10-2019,Kenya,Singapore,Kenya,7 wickets,ICCA 2 Dubai,
564,23-10-2019,Canada,Ireland,Canada,10 runs,Abu Dhabi,
565,23-10-2019,Hong Kong,Jersey,Hong Kong,8 runs,Abu Dhabi,
566,24-10-2019,Netherlands,P.N.G.,P.N.G.,5 wickets,ICCA Dubai,
567,24-10-2019,U.A.E.,Nigeria,U.A.E.,5 wickets,Tolerance Oval,
568,24-10-2019,Canada,Hong Kong,Hong Kong,32 runs,Tolerance Oval,
569,24-10-2019,Bermuda,Scotland,Scotland,46 runs,Dubai (DSC),
570,25-10-2019,P.N.G.,Singapore,P.N.G.,43 runs,Dubai (DSC),
571,25-10-2019,Ireland,Jersey,Ireland,8 wickets,Tolerance Oval,
572,25-10-2019,Kenya,Namibia,Namibia,87 runs,Dubai (DSC),
573,25-10-2019,Spain,Portugal,Spain,8 wickets,Cartagena,
574,25-10-2019,Canada,Oman,Oman,8 wickets,Abu Dhabi,
575,26-10-2019,Ireland,Nigeria,Ireland,8 wickets,Abu Dhabi,
576,26-10-2019,Gibraltar,Portugal,Portugal,6 wickets,Cartagena,
577,26-10-2019,Bermuda,Netherlands,Netherlands,92 runs,Dubai (DSC),
578,26-10-2019,Spain,Gibraltar,Spain,8 wickets,Cartagena,
579,26-10-2019,Spain,Portugal,Spain,29 runs,Cartagena,
580,26-10-2019,Namibia,Singapore,Namibia,87 runs,Dubai (DSC),
581,27-10-2019,Australia,Sri Lanka,Australia,134 runs,Adelaide,
582,27-10-2019,Kenya,P.N.G.,P.N.G.,45 runs,Dubai (DSC),
583,27-10-2019,Hong Kong,Nigeria,Hong Kong,5 wickets,Tolerance Oval,
584,27-10-2019,Gibraltar,Portugal,Portugal,4 wickets,Cartagena,
585,27-10-2019,Jersey,Oman,Jersey,14 runs,Abu Dhabi,
586,27-10-2019,Netherlands,Scotland,Netherlands,4 wickets,Dubai (DSC),
587,27-10-2019,Spain,Gibraltar,Spain,6 wickets,Cartagena,
588,27-10-2019,U.A.E.,Canada,U.A.E.,14 runs,Abu Dhabi,
589,29-10-2019,U.A.E.,Netherlands,Netherlands,8 wickets,Dubai (DSC),
590,29-10-2019,Namibia,Oman,Namibia,54 runs,Dubai (DSC),
591,30-10-2019,Australia,Sri Lanka,Australia,9 wickets,Brisbane,
592,30-10-2019,U.A.E.,Scotland,Scotland,90 runs,Dubai (DSC),
593,30-10-2019,Hong Kong,Oman,Oman,12 runs,Dubai (DSC),
594,31-10-2019,Oman,Scotland,Scotland,5 wickets,ICCA Dubai,
595,01-11-2019,New Zealand,England,England,7 wickets,Christchurch,
596,01-11-2019,Australia,Sri Lanka,Australia,7 wickets,Melbourne,
597,01-11-2019,Ireland,Netherlands,Netherlands,21 runs,Dubai (DSC),
598,01-11-2019,Namibia,P.N.G.,P.N.G.,18 runs,Dubai (DSC),
599,02-11-2019,Ireland,Namibia,Ireland,27 runs,Dubai (DSC),
600,02-11-2019,Netherlands,P.N.G.,Netherlands,7 wickets,Dubai (DSC),
601,03-11-2019,New Zealand,England,New Zealand,21 runs,Wellington,
602,03-11-2019,Australia,Pakistan,no result,,Sydney,
603,03-11-2019,India,Bangladesh,Bangladesh,7 wickets,Delhi,
604,05-11-2019,New Zealand,England,New Zealand,14 runs,Nelson,
605,05-11-2019,Australia,Pakistan,Australia,7 wickets,Canberra,
606,06-11-2019,Malawi,Mozambique,Malawi,3 wickets,Lilongwe,
607,06-11-2019,Malawi,Mozambique,Malawi,7 wickets,Lilongwe,
608,07-11-2019,Malawi,Mozambique,Malawi,25 runs,Lilongwe,
609,07-11-2019,Malawi,Mozambique,Malawi,4 wickets,Lilongwe,
610,07-11-2019,India,Bangladesh,India,8 wickets,Rajkot,
611,08-11-2019,New Zealand,England,England,76 runs,Napier,
612,08-11-2019,Australia,Pakistan,Australia,10 wickets,Perth,
613,09-11-2019,Malawi,Mozambique,Malawi,15 runs,Blantyre,
614,09-11-2019,Malawi,Mozambique,no result,,Blantyre,
615,10-11-2019,New Zealand,England,tied,,Auckland,
616,10-11-2019,Malawi,Mozambique,Mozambique,11 runs,Blantyre,
617,10-11-2019,India,Bangladesh,India,30 runs,Nagpur,
618,14-11-2019,Afghanistan,West Indies,West Indies,30 runs,Lucknow,
619,16-11-2019,Afghanistan,West Indies,Afghanistan,41 runs,Lucknow,
620,17-11-2019,Afghanistan,West Indies,Afghanistan,29 runs,Lucknow,
621,05-12-2019,Nepal,Bhutan,Nepal,141 runs,Kirtipur,
622,06-12-2019,Nepal,Maldives,Nepal,84 runs,Kirtipur,
623,06-12-2019,India,West Indies,India,6 wickets,Hyderabad (Deccan),
624,07-12-2019,Bhutan,Maldives,Maldives,8 wickets,Kirtipur,
625,08-12-2019,India,West Indies,West Indies,8 wickets,Thiruvananthapuram,
626,09-12-2019,Nepal,Maldives,Nepal,5 wickets,Kirtipur,
627,11-12-2019,India,West Indies,India,67 runs,Wankhede,
628,05-01-2020,India,Sri Lanka,no result,,Guwahati,
629,07-01-2020,India,Sri Lanka,India,7 wickets,Indore,
630,10-01-2020,India,Sri Lanka,India,78 runs,Pune,
631,15-01-2020,West Indies,Ireland,Ireland,4 runs,St George's,
632,18-01-2020,West Indies,Ireland,no result,,Basseterre,
633,19-01-2020,West Indies,Ireland,West Indies,9 wickets,Basseterre,
634,24-01-2020,New Zealand,India,India,6 wickets,Auckland,
635,24-01-2020,Pakistan,Bangladesh,Pakistan,5 wickets,Lahore,
636,25-01-2020,Pakistan,Bangladesh,Pakistan,9 wickets,Lahore,
637,26-01-2020,New Zealand,India,India,7 wickets,Auckland,
638,29-01-2020,New Zealand,India,tied,,Hamilton,
639,31-01-2020,New Zealand,India,tied,,Wellington,
640,02-02-2020,New Zealand,India,India,7 runs,Mount Maunganui,
641,12-02-2020,Qatar,Uganda,Qatar,40 runs,Doha,
642,12-02-2020,South Africa,England,South Africa,1 run,East London,
643,13-02-2020,Qatar,Uganda,Qatar,28 runs,Doha,
644,14-02-2020,South Africa,England,England,2 runs,Durban,
645,15-02-2020,Qatar,Uganda,Uganda,18 runs,Doha,
646,16-02-2020,South Africa,England,England,5 wickets,Centurion,
647,20-02-2020,Malaysia,Hong Kong,Malaysia,21 runs,Kuala Lumpur,
648,21-02-2020,Malaysia,Hong Kong,Malaysia,35 runs,Kuala Lumpur,
649,21-02-2020,South Africa,Australia,Australia,107 runs,Johannesburg,
650,23-02-2020,Iran,U.A.E.,U.A.E.,10 wickets,Al Amerat,
651,23-02-2020,Maldives,Qatar,Qatar,106 runs,Al Amerat,
652,23-02-2020,Kuwait,Saudi Arabia,Kuwait,9 wickets,Al Amerat,
653,23-02-2020,Oman,Bahrain,Oman,8 wickets,Al Amerat,
654,23-02-2020,Malaysia,Hong Kong,Malaysia,8 runs,Kuala Lumpur,
655,23-02-2020,South Africa,Australia,South Africa,12 runs,Gqeberha,
656,24-02-2020,Iran,Saudi Arabia,Saudi Arabia,9 wickets,Al Amerat,
657,24-02-2020,Oman,Qatar,Qatar,34 runs,Al Amerat,
658,24-02-2020,Malaysia,Hong Kong,Malaysia,13 runs,Kuala Lumpur,
659,24-02-2020,Bahrain,Maldives,Bahrain,65 runs,Al Amerat,
660,24-02-2020,Kuwait,U.A.E.,U.A.E.,47 runs,Al Amerat,
661,25-02-2020,Oman,Maldives,Oman,10 wickets,Al Amerat,
662,25-02-2020,Saudi Arabia,U.A.E.,U.A.E.,12 runs,Al Amerat,
663,25-02-2020,Bahrain,Qatar,Bahrain,6 wickets,Al Amerat,
664,25-02-2020,Iran,Kuwait,Kuwait,8 wickets,Al Amerat,
665,26-02-2020,Malaysia,Hong Kong,Malaysia,6 wickets,Kuala Lumpur,
666,26-02-2020,Bahrain,Kuwait,Kuwait,87 runs,Al Amerat,
667,26-02-2020,Qatar,U.A.E.,U.A.E.,28 runs,Al Amerat,
668,26-02-2020,South Africa,Australia,Australia,97 runs,Cape Town,
669,27-02-2020,Kuwait,U.A.E.,U.A.E.,102 runs,Al Amerat,
670,29-02-2020,Thailand,Singapore,Singapore,43 runs,Bangkok,
671,29-02-2020,Malaysia,Nepal,Malaysia,22 runs,Bangkok,
672,01-03-2020,Hong Kong,Nepal,Hong Kong,43 runs,Bangkok,
673,01-03-2020,Thailand,Malaysia,Malaysia,8 wickets,Bangkok,
674,03-03-2020,Malaysia,Singapore,Singapore,128 runs,Bangkok,
675,03-03-2020,Thailand,Hong Kong,Hong Kong,8 wickets,Bangkok,
676,04-03-2020,Thailand,Nepal,Nepal,9 wickets,Bangkok,
677,04-03-2020,Hong Kong,Singapore,Singapore,16 runs,Bangkok,
678,04-03-2020,Sri Lanka,West Indies,West Indies,25 runs,Pallekele,
679,06-03-2020,Hong Kong,Malaysia,Hong Kong,6 wickets,Bangkok,
680,06-03-2020,Afghanistan,Ireland,Afghanistan,11 runs,Greater Noida,
681,06-03-2020,Sri Lanka,West Indies,West Indies,7 wickets,Pallekele,
682,08-03-2020,Afghanistan,Ireland,Afghanistan,21 runs,Greater Noida,
683,08-03-2020,Spain,Germany,Spain,9 wickets,Almeria,
684,08-03-2020,Spain,Germany,Germany,58 runs,Almeria,
685,09-03-2020,Bangladesh,Zimbabwe,Bangladesh,48 runs,Mirpur,
686,10-03-2020,Afghanistan,Ireland,tied,,Greater Noida,
687,11-03-2020,Bangladesh,Zimbabwe,Bangladesh,9 wickets,Mirpur,
688,21-08-2020,Guernsey,Isle of Man,Guernsey,8 wickets,St Peter Port,
689,28-08-2020,Luxembourg,Czech Rep.,Luxembourg,63 runs,Walferdange,
690,28-08-2020,England,Pakistan,no result,,Manchester,
691,29-08-2020,Luxembourg,Czech Rep.,Czech Rep.,5 wickets,Walferdange,
692,29-08-2020,Luxembourg,Belgium,Belgium,37 runs,Walferdange,
693,29-08-2020,Belgium,Czech Rep.,Belgium,46 runs,Walferdange,
694,30-08-2020,Belgium,Czech Rep.,Belgium,87 runs,Walferdange,
695,30-08-2020,Luxembourg,Belgium,Belgium,49 runs,Walferdange,
696,30-08-2020,England,Pakistan,England,5 wickets,Manchester,
697,01-09-2020,England,Pakistan,Pakistan,5 runs,Manchester,
698,04-09-2020,England,Australia,England,2 runs,Southampton,
699,06-09-2020,England,Australia,England,6 wickets,Southampton,
700,08-09-2020,England,Australia,Australia,5 wickets,Southampton,
701,23-09-2020,Bulgaria,Malta,Malta,57 runs,Sofia,
702,23-09-2020,Bulgaria,Malta,Malta,8 wickets,Sofia,
703,24-09-2020,Bulgaria,Malta,no result,,Sofia,
704,16-10-2020,Romania,Bulgaria,Bulgaria,33 runs,Ilfov County,
705,17-10-2020,Romania,Bulgaria,Romania,52 runs,Ilfov County,
706,17-10-2020,Romania,Bulgaria,Romania,34 runs,Ilfov County,
707,18-10-2020,Romania,Bulgaria,Romania,6 wickets,Ilfov County,
708,07-11-2020,Pakistan,Zimbabwe,Pakistan,6 wickets,Rawalpindi,
709,08-11-2020,Pakistan,Zimbabwe,Pakistan,8 wickets,Rawalpindi,
710,10-11-2020,Pakistan,Zimbabwe,Pakistan,8 wickets,Rawalpindi,
711,27-11-2020,New Zealand,West Indies,New Zealand,5 wickets,Auckland,
712,27-11-2020,South Africa,England,England,5 wickets,Cape Town,
713,29-11-2020,New Zealand,West Indies,New Zealand,72 runs,Mount Maunganui,
714,29-11-2020,South Africa,England,England,4 wickets,Paarl,
715,30-11-2020,New Zealand,West Indies,no result,,Mount Maunganui,
716,01-12-2020,South Africa,England,England,9 wickets,Cape Town,
717,04-12-2020,Australia,India,India,11 runs,Canberra,
718,06-12-2020,Australia,India,India,6 wickets,Sydney,
719,08-12-2020,Australia,India,Australia,12 runs,Sydney,
720,18-12-2020,New Zealand,Pakistan,New Zealand,5 wickets,Auckland,
721,20-12-2020,New Zealand,Pakistan,New Zealand,9 wickets,Hamilton,
722,22-12-2020,New Zealand,Pakistan,Pakistan,4 wickets,Napier,
723,17-10-2021,Oman,Papua New Guinea,Oman,10 wickets,Al Amerat,
724,17-10-2021,Bangladesh,Scotland,Scotland,6 runs,Al Amerat,
725,18-10-2021,Ireland,Netherands,Ireland,7 wickets,Abu Dhabi,
726,18-10-2021,Sri Lanka,Namibia,Sri Lanka,7 wickets,Abu Dhabi,
727,19-10-2021,Scotland,Papua New Guinea,Scotland,17 runs,Al Amerat,
728,19-10-2021,Oman,Bangladesh,Bangladesh,26 runs,Al Amerat,
729,20-10-2021,Namibia,Netherlands,Namibia,6 wickets,Abu Dhabi,
730,20-10-2021,Sri Lanka,Ireland,Sri Lanka,70 runs,Abu Dhabi,
731,21-10-2021,Bangladesh,Papua New Guinea,Bangladesh, 84 runs,Al Amerat,
732,21-10-2021,Oman,Scotland,Scotland,8 wickets,Al Amerat,
733,22-10-2021,Namibia,Ireland,Namibia,8 wickets,Sharjah,
734,22-10-2021,Sri Lanka,Netherlands,Sri Lanka,8 wickets,Sharjah,
735,23-10-2021,Australia,South Africa,Australia,5 wickets,Abu Dhabi,
736,23-10-2021,England,West Indies,England, 6 wickets,Dubai,
737,24-10-2021,Sri Lanka,Bangladesh,Sri lanka,5 wickets,Sharjah,
738,24-10-2021,India,Pakistan,Pakistan,10 wickets,Dubai,
739,25-10-2021,Afghanistan,Scotland,Afghanistan,130 runs,Sharjah,
740,26-10-2021,South Africa,West Indies,South Africa,8 wickets,Dubai,
741,26-10-2021,Pakistan ,New Zealand,Pakistan,5 wickets,Sharjah,
742,27-10-2021,England,Bangladesh,England,8 wickets,Abu Dhabi,
743,27-10-2021,Scotland,Namibia,Namibia,4 wickets,Abu Dhabi,
744,28-10-2021,Australia ,Sri Lanka,Australia,7 wickets,Dubai,
745,29-10-2021,West Indies,Bangladesh,West Indies,3 runs,Sharjah,
746,29-10-2021,Afghanistan,Pakistan,Pakistan,5 wkts,Dubai,
747,30-10-2021,South Africa,Sri Lanka,South Africa,4 wickets,Sharjah,
748,30-10-2021,England,Australia,England,8 wickets,Dubai,
749,31-10-2021,Afghanistan, Namibia,Afghanistan,62 runs,Abu Dhabi,
750,31-10-2021,India,New Zealand,New Zealand,8 wickets,Dubai,
751,01-11-2021,England ,Sri Lanka,England,26 runs,Sharjah,
752,02-11-2021,South Africa,Bangladesh,South Africa,6 wickets,Abu Dhabi,
753,02-11-2021,Pakistan,Namibia,Pakistan,45 runs,Abu Dhabi,
754,03-11-2021,New Zealand,Scotland,New Zealand,16 runs,Dubai,
755,03-11-2021,India,Afghanistan,India,66 runs,Abu Dhabi,
756,04-11-2021,Australia,Bangladesh,Australia,8 wickets,Dubai,
757,04-11-2021,West Indies,Sri Lanka,Sri Lanka,20 runs,Abu Dhabi,
758,05-11-2021,New Zealand,Namibia,New Zealand,52 runs,Sharjah,
759,05-11-2021,India,Scotland,India,8 wickets,Dubai,
760,06-11-2021,Australia ,West Indies,Australia,8 wickets,Abu Dhabi,
761,06-11-2021,England ,South Africa,South Africa,10 runs,Sharjah,
762,07-11-2021,New Zealand,Afghanistan,New Zealand,8 wickets,Abu Dhabi,
763,07-11-2021,Pakistan,Scotland,Pakistan,72 runs,Sharjah,
764,08-11-2021,India,Namibia,India,9 wickets,Dubai,
765,10-11-2021,England,New Zealand,New Zealand,5 wickets,Abu Dhabi,
766,11-11-2021,Pakistan,Australia,Australia,5 wickets,Dubai,
767,14-11-2021,New Zealand,Australia,Australia,8 wickets,Dubai,
768,11-02-2021,Pakistan,South Africa,Pakistan,3 runs,Lahore,
769,13-02-2021,Pakistan,South Africa,South Africa,6 wickets,Lahore,
770,14-02-2021,Pakistan,South Africa,Pakistan,4 wickets,Lahore,
771,22-02-2021,New Zealand,Australia,New Zealand,53 runs,Christchurch,
772,25-02-2021,New Zealand,Australia,New Zealand,4 runs,Dunedin,
773,03-03-2021,New Zealand,Australia,Australia,64 runs,Wellington,
774,03-03-2021,West Indies,Sri Lanka,West Indies,4 wickets,Coolidge,
775,05-03-2021,New Zealand,Australia,Australia,50 runs,Wellington,
776,05-03-2021,West Indies,Sri Lanka,Sri Lanka,43 runs,Coolidge,
777,07-03-2021,New Zealand,Australia,New Zealand,7 wickets,Wellington,
778,07-03-2021,West Indies,Sri Lanka,West Indies,3 wickets,Coolidge,
779,12-03-2021,India,England,England,8 wickets,Ahmedabad,
780,14-03-2021,India,England,India,7 wickets,Ahmedabad,
781,16-03-2021,India,England,England,8 wickets,Ahmedabad,
782,17-03-2021,Afghanistan,Zimbabwe,Afghanistan,48 runs,Abu Dhabi,
783,18-03-2021,India,England,India,8 runs,Ahmedabad,
784,19-03-2021,Afghanistan,Zimbabwe,Afghanistan,45 runs,Abu Dhabi,
785,20-03-2021,Afghanistan,Zimbabwe,Afghanistan,47 runs,Abu Dhabi,
786,20-03-2021,India,England,India,36 runs,Ahmedabad,
787,28-03-2021,New Zealand,Bangladesh,New Zealand,66 runs,Hamilton,
788,30-03-2021,New Zealand,Bangladesh,New Zealand,28 runs,Napier,
789,01-04-2021,New Zealand,Bangladesh,New Zealand,65 runs,Auckland,
790,03-04-2021,Namibia,Uganda,Namibia,7 wickets,Windhoek,
791,05-04-2021,Namibia,Uganda,Namibia,20 runs,Windhoek,
792,05-04-2021,Namibia,Uganda,Namibia,65 runs,Windhoek,
793,10-04-2021,South Africa,Pakistan,Pakistan,4 wickets,Johannesburg,
794,12-04-2021,South Africa,Pakistan,South Africa,6 wickets,Johannesburg,
795,14-04-2021,South Africa,Pakistan,Pakistan,9 wickets,Centurion,
796,16-04-2021,South Africa,Pakistan,Pakistan,3 wickets,Centurion,
797,17-04-2021,Nepal,Netherlands,Nepal,9 wickets,Kirtipur,
798,18-04-2021,Malaysia,Netherlands,Netherlands,15 runs,Kirtipur,
799,19-04-2021,Nepal,Malaysia,Nepal,9 wickets,Kirtipur,
800,20-04-2021,Nepal,Netherlands,Netherlands,3 wickets,Kirtipur,
801,21-04-2021,Malaysia,Netherlands,tied,,Kirtipur,
802,21-04-2021,Zimbabwe,Pakistan,Pakistan,11 runs,Harare,
803,22-04-2021,Nepal,Malaysia,Nepal,69 runs,Kirtipur,
804,23-04-2021,Zimbabwe,Pakistan,Zimbabwe,19 runs,Harare,
805,24-04-2021,Nepal,Netherlands,Nepal,142 runs,Kirtipur,
806,25-04-2021,Zimbabwe,Pakistan,Pakistan,24 runs,Harare,
807,21-05-2021,Czech Rep.,Luxembourg,Czech Rep.,9 wickets,Vinor,
808,21-05-2021,Austria,Luxembourg,Austria,5 runs,Vinor,
809,22-05-2021,Czech Rep.,Austria,Austria,78 runs,Vinor,
810,22-05-2021,Czech Rep.,Luxembourg,Luxembourg,6 wickets,Vinor,
811,23-05-2021,Austria,Luxembourg,Luxembourg,5 wickets,Vinor,
812,23-05-2021,Czech Rep.,Austria,Austria,4 wickets,Vinor,
813,23-06-2021,England,Sri Lanka,England,8 wickets,Cardiff,
814,24-06-2021,Bulgaria,Serbia,Bulgaria,61 runs,Sofia,
815,24-06-2021,Greece,Romania,Romania,3 wickets,Sofia,
816,24-06-2021,England,Sri Lanka,England,5 wickets,Cardiff,
817,25-06-2021,Greece,Serbia,Greece,5 wickets,Sofia,
818,25-06-2021,Bulgaria,Romania,Romania,7 wickets,Sofia,
819,25-06-2021,Romania,Serbia,Romania,91 runs,Sofia,
820,26-06-2021,Bulgaria,Greece,Bulgaria,64 runs,Sofia,
821,26-06-2021,Romania,Serbia,Romania,10 wickets,Sofia,
822,26-06-2021,England,Sri Lanka,England,89 runs,Southampton,
823,26-06-2021,Bulgaria,Greece,no result,,Sofia,
824,26-06-2021,West Indies,South Africa,West Indies,8 wickets,St George's,
825,27-06-2021,Bulgaria,Romania,Romania,7 wickets,Sofia,
826,27-06-2021,West Indies,South Africa,South Africa,16 runs,St George's,
827,29-06-2021,West Indies,South Africa,South Africa,1 run,St George's,
828,01-07-2021,West Indies,South Africa,West Indies,21 runs,St George's,
829,03-07-2021,West Indies,South Africa,South Africa,25 runs,St George's,
830,08-07-2021,Malta,Belgium,Malta,6 wickets,Marsa,
831,08-07-2021,Malta,Belgium,Belgium,10 wickets,Marsa,
832,09-07-2021,Malta,Belgium,Belgium,4 wickets,Marsa,
833,09-07-2021,West Indies,Australia,West Indies,18 runs,Gros Islet,
834,10-07-2021,Malta,Belgium,Malta,,Marsa,
835,10-07-2021,Malta,Belgium,Belgium,39 runs,Marsa,
836,10-07-2021,West Indies,Australia,West Indies,56 runs,Gros Islet,
837,12-07-2021,West Indies,Australia,West Indies,6 wickets,Gros Islet,
838,14-07-2021,West Indies,Australia,Australia,4 runs,Gros Islet,
839,16-07-2021,England,Pakistan,Pakistan,31 runs,Nottingham,
840,16-07-2021,West Indies,Australia,West Indies,16 runs,Gros Islet,
841,18-07-2021,England,Pakistan,England,45 runs,Leeds,
842,19-07-2021,Ireland,South Africa,South Africa,33 runs,Dublin (Malahide),
843,20-07-2021,England,Pakistan,England,3 wickets,Manchester,
844,22-07-2021,Zimbabwe,Bangladesh,Bangladesh,8 wickets,Harare,
845,22-07-2021,Ireland,South Africa,South Africa,42 runs,Belfast,
846,23-07-2021,Zimbabwe,Bangladesh,Zimbabwe,23 runs,Harare,
847,24-07-2021,Belgium,Austria,Belgium,7 wickets,Waterloo,
848,24-07-2021,Belgium,Austria,Belgium,12 runs,Waterloo,
849,24-07-2021,Ireland,South Africa,South Africa,49 runs,Belfast,
850,25-07-2021,Belgium,Austria,Austria,6 wickets,Waterloo,
851,25-07-2021,Zimbabwe,Bangladesh,Bangladesh,5 wickets,Harare,
852,25-07-2021,Sri Lanka,India,India,38 runs,Colombo (RPS),
853,28-07-2021,West Indies,Pakistan,no result,,Bridgetown,
854,28-07-2021,Sri Lanka,India,Sri Lanka,4 wickets,Colombo (RPS),
855,29-07-2021,Sri Lanka,India,Sri Lanka,7 wickets,Colombo (RPS),
856,31-07-2021,West Indies,Pakistan,Pakistan,7 runs,Providence,
857,01-08-2021,West Indies,Pakistan,no result,,Providence,
858,03-08-2021,Bangladesh,Australia,Bangladesh,23 runs,Mirpur,
859,03-08-2021,West Indies,Pakistan,no result,,Providence,
860,04-08-2021,Bangladesh,Australia,Bangladesh,5 wickets,Mirpur,
861,05-08-2021,Germany,Norway,Germany,5 wickets,Krefeld,
862,05-08-2021,France,Norway,France,4 wickets,Krefeld,
863,06-08-2021,Germany,France,Germany,2 wickets,Krefeld,
864,06-08-2021,Bangladesh,Australia,Bangladesh,10 runs,Mirpur,
865,07-08-2021,Germany,France,Germany,48 runs,Krefeld,
866,07-08-2021,Bangladesh,Australia,Australia,3 wickets,Mirpur,
867,07-08-2021,France,Norway,Norway,3 runs,Krefeld,
868,08-08-2021,Germany,Norway,Norway,51 runs,Krefeld,
869,08-08-2021,Germany,Norway,Germany,6 wickets,Krefeld,
870,09-08-2021,Bangladesh,Australia,Bangladesh,60 runs,Mirpur,
871,14-08-2021,Denmark,Sweden,Denmark,8 runs,Brondby,
872,14-08-2021,Denmark,Sweden,Sweden,3 wickets,Brondby,
873,15-08-2021,Denmark,Sweden,Denmark,6 wickets,Brondby,
874,18-08-2021,Rwanda,Ghana,Rwanda,1 wicket,Rwanda,
875,18-08-2021,Rwanda,Ghana,Ghana,2 wickets,Rwanda,
876,19-08-2021,Portugal,Malta,Portugal,6 wickets,Albergaria,
877,20-08-2021,Rwanda,Ghana,Rwanda,57 runs,Rwanda,
878,20-08-2021,Gibraltar,Malta,Malta,8 wickets,Albergaria,
879,20-08-2021,Rwanda,Ghana,Ghana,,Rwanda,
880,21-08-2021,Finland,Sweden,Finland,4 wickets,Kerava,
881,21-08-2021,Portugal,Gibraltar,Portugal,96 runs,Albergaria,
882,21-08-2021,Rwanda,Ghana,Ghana,7 wickets,Rwanda,
883,21-08-2021,Finland,Sweden,Finland,4 wickets,Kerava,
884,21-08-2021,Gibraltar,Malta,Malta,4 runs,Albergaria,
885,22-08-2021,Finland,Sweden,Sweden,3 wickets,Kerava,
886,22-08-2021,Portugal,Gibraltar,Portugal,110 runs,Albergaria,
887,22-08-2021,Finland,Sweden,Sweden,6 wickets,Kerava,
888,22-08-2021,Portugal,Malta,Portugal,3 wickets,Albergaria,
889,27-08-2021,Ireland,Zimbabwe,Zimbabwe,3 runs,Dublin,
890,29-08-2021,Ireland,Zimbabwe,Ireland,7 wickets,Dublin,
891,01-09-2021,Bangladesh,New Zealand,Bangladesh,7 wickets,Mirpur,
892,01-09-2021,Ireland,Zimbabwe,Ireland,40 runs,Bready,
893,02-09-2021,Bulgaria,Luxembourg,Luxembourg,62 runs,Ilfov County,
894,02-09-2021,Czech Rep.,Hungary,Hungary,5 runs,Ilfov County,
895,02-09-2021,Luxembourg,Malta,Luxembourg,4 wickets,Ilfov County,
896,02-09-2021,Ireland,Zimbabwe,Ireland,64 runs,Bready,
897,03-09-2021,Romania,Czech Rep.,Romania,35 runs,Ilfov County,
898,03-09-2021,Bulgaria,Malta,Malta,7 wickets,Ilfov County,
899,03-09-2021,Bangladesh,New Zealand,Bangladesh,4 runs,Mirpur,
900,03-09-2021,Romania,Hungary,Romania,8 runs,Ilfov County,
901,04-09-2021,Bulgaria,Czech Rep.,Czech Rep.,7 wickets,Ilfov County,
902,04-09-2021,Hungary,Luxembourg,Luxembourg,2 runs,Ilfov County,
903,04-09-2021,Romania,Malta,Romania,36 runs,Ilfov County,
904,04-09-2021,Ireland,Zimbabwe,Zimbabwe,5 runs,Bready,
905,05-09-2021,Romania,Luxembourg,Romania,33 runs,Ilfov County,
906,05-09-2021,Bangladesh,New Zealand,New Zealand,52 runs,Mirpur,
907,05-09-2021,Hungary,Malta,Hungary,8 wickets,Ilfov County,
908,08-09-2021,Bangladesh,New Zealand,Bangladesh,6 wickets,Mirpur,
909,10-09-2021,Uganda,Kenya,no result,,Entebbe,
910,10-09-2021,Spain,Germany,Germany,7 wickets,Almeria,
911,10-09-2021,Bangladesh,New Zealand,New Zealand,27 runs,Mirpur,
912,10-09-2021,Uganda,Kenya,Kenya,22 runs,Entebbe,
913,10-09-2021,Sri Lanka,South Africa,South Africa,28 runs,Colombo (RPS),
914,11-09-2021,Kenya,Nigeria,Kenya,8 wickets,Entebbe,
915,11-09-2021,Spain,Germany,Spain,5 wickets,Almeria,
916,11-09-2021,Uganda,Nigeria,Uganda,56 runs,Entebbe,
917,11-09-2021,Spain,Germany,Spain,1 wicket,Almeria,
918,12-09-2021,Sri Lanka,South Africa,South Africa,9 wickets,Colombo (RPS),
919,13-09-2021,Uganda,Nigeria,Uganda,8 wickets,Entebbe,
920,13-09-2021,Kenya,Nigeria,Kenya,61 runs,Entebbe,
921,14-09-2021,Sri Lanka,South Africa,South Africa,10 wickets,Colombo (RPS),
922,15-09-2021,Uganda,Kenya,Uganda,4 wickets,Entebbe,
923,15-09-2021,Uganda,Nigeria,Uganda,55 runs,Entebbe,
924,15-09-2021,Scotland,Zimbabwe,Scotland,7 runs,Edinburgh,
925,16-09-2021,Kenya,Nigeria,Nigeria,4 runs,Entebbe,
926,17-09-2021,Uganda,Kenya,Uganda,6 runs,Entebbe,
927,17-09-2021,Scotland,Zimbabwe,Zimbabwe,10 runs,Edinburgh,
928,19-09-2021,Scotland,Zimbabwe,Zimbabwe,6 wickets,Edinburgh,
929,05-10-2021,U.A.E.,Namibia,Namibia,17 runs,ICCA Dubai,
930,05-10-2021,Cyprus,Estonia,Cyprus,4 wickets,Episkopi,
931,05-10-2021,Cyprus,Estonia,Cyprus,8 wickets,Episkopi,
932,06-10-2021,Cyprus,Isle of Man,Isle of Man,8 wickets,Episkopi,
933,06-10-2021,Estonia,Isle of Man,Isle of Man,6 wickets,Episkopi,
934,07-10-2021,U.A.E.,Ireland,Ireland,7 wickets,ICCA Dubai,
935,07-10-2021,Cyprus,Isle of Man,Isle of Man,3 wickets,Episkopi,
936,07-10-2021,Cyprus,Estonia,Cyprus,79 runs,Episkopi,
937,08-10-2021,U.A.E.,Ireland,U.A.E.,54 runs,ICCA Dubai,
938,08-10-2021,Cyprus,Estonia,Cyprus,39 runs,Episkopi,
939,08-10-2021,P.N.G.,Scotland,Scotland,8 wickets,ICCA Dubai,
940,08-10-2021,Estonia,Isle of Man,Isle of Man,8 wickets,Episkopi,
941,09-10-2021,Namibia,Scotland,Namibia,5 wickets,ICCA Dubai,
942,10-10-2021,U.A.E.,Ireland,U.A.E.,7 wickets,ICCA Dubai,
943,10-10-2021,Namibia,P.N.G.,Namibia,14 runs,ICCA Dubai,
944,15-10-2021,Germany,Jersey,Jersey,4 runs,Almeria,
945,15-10-2021,Denmark,Italy,Italy,6 wickets,Almeria,
946,16-10-2021,Rwanda,Ghana,Ghana,5 wickets,Rwanda,
947,16-10-2021,Lesotho,Swaziland,Swaziland,54 runs,Kigali,
948,16-10-2021,Denmark,Germany,Germany,6 wickets,Almeria,
949,16-10-2021,Ghana,Seychelles,Ghana,9 wickets,Rwanda,
950,16-10-2021,Malawi,Uganda,Uganda,10 wickets,Kigali,
951,16-10-2021,Italy,Jersey,Jersey,41 runs,Almeria,
952,17-10-2021,Lesotho,Seychelles,Seychelles,6 wickets,Rwanda,
953,17-10-2021,Malawi,Swaziland,Malawi,8 wickets,Kigali,
954,17-10-2021,Denmark,Jersey,Jersey,5 runs,Almeria,
955,17-10-2021,Oman,P.N.G.,Oman,10 wickets,Al Amerat,
956,17-10-2021,Ghana,Lesotho,Ghana,116 runs,Rwanda,
957,17-10-2021,Rwanda,Uganda,Uganda,106 runs,Kigali,
958,17-10-2021,Germany,Italy,Germany,4 wickets,Almeria,
959,17-10-2021,Bangladesh,Scotland,Scotland,6 runs,Al Amerat,
960,18-10-2021,Ireland,Netherlands,Ireland,7 wickets,Abu Dhabi,
961,18-10-2021,Namibia,Sri Lanka,Sri Lanka,7 wickets,Abu Dhabi,
962,19-10-2021,Ghana,Malawi,Ghana,7 wickets,Rwanda,
963,19-10-2021,Lesotho,Uganda,Uganda,10 wickets,Kigali,
964,19-10-2021,Denmark,Italy,Italy,9 runs,Almeria,
965,19-10-2021,Nigeria,Sierra Leone,Sierra Leone,6 wickets,Lagos,
966,19-10-2021,P.N.G.,Scotland,Scotland,17 runs,Al Amerat,
967,19-10-2021,Rwanda,Seychelles,Rwanda,78 runs,Rwanda,
968,19-10-2021,Swaziland,Uganda,Uganda,6 wickets,Kigali,
969,19-10-2021,Germany,Jersey,Jersey,4 wickets,Almeria,
970,19-10-2021,Oman,Bangladesh,Bangladesh,26 runs,Al Amerat,
971,20-10-2021,Malawi,Seychelles,Malawi,21 runs,Rwanda,
972,20-10-2021,Ghana,Swaziland,Ghana,7 wickets,Kigali,
973,20-10-2021,Italy,Jersey,Jersey,8 wickets,Almeria,
974,20-10-2021,Nigeria,Sierra Leone,Nigeria,6 runs,Lagos,
975,20-10-2021,Namibia,Netherlands,Namibia,6 wickets,Abu Dhabi,
976,20-10-2021,Seychelles,Swaziland,Seychelles,7 wickets,Rwanda,
977,"Oct 20-21, 2021",Rwanda,Lesotho,Rwanda,22 runs,Kigali,
978,20-10-2021,Denmark,Germany,Germany,12 runs,Almeria,
979,20-10-2021,Ireland,Sri Lanka,Sri Lanka,70 runs,Abu Dhabi,
980,21-10-2021,Ghana,Uganda,Uganda,79 runs,Rwanda,
981,21-10-2021,Germany,Italy,Italy,1 run,Almeria,
982,21-10-2021,Bangladesh,P.N.G.,Bangladesh,84 runs,Al Amerat,
983,21-10-2021,Malta,Gibraltar,Malta,61 runs,Marsa,
984,21-10-2021,Nigeria,Sierra Leone,Nigeria,69 runs,Lagos,
985,21-10-2021,Denmark,Jersey,Jersey,4 wickets,Almeria,
986,21-10-2021,Oman,Scotland,Scotland,8 wickets,Al Amerat,
987,22-10-2021,Rwanda,Swaziland,Rwanda,7 wickets,Rwanda,
988,22-10-2021,Lesotho,Malawi,Malawi,22 runs,Kigali,
989,22-10-2021,Gibraltar,Switzerland,Switzerland,9 wickets,Marsa,
990,22-10-2021,Ireland,Namibia,Namibia,8 wickets,Sharjah,
991,22-10-2021,Rwanda,Malawi,Malawi,24 runs,Rwanda,
992,22-10-2021,Seychelles,Uganda,Uganda,95 runs,Kigali,
993,22-10-2021,Bulgaria,Switzerland,Switzerland,8 wickets,Marsa,
994,22-10-2021,Netherlands,Sri Lanka,Sri Lanka,8 wickets,Sharjah,
995,23-10-2021,Bulgaria,Gibraltar,Gibraltar,37 runs,Marsa,
996,23-10-2021,Qatar,Bahrain,Bahrain,8 wickets,Doha,
997,23-10-2021,Nigeria,Sierra Leone,Nigeria,9 wickets,Lagos,
998,23-10-2021,Malta,Switzerland,Switzerland,8 runs,Marsa,
999,23-10-2021,Australia,South Africa,Australia,5 wickets,Abu Dhabi,
1000,23-10-2021,Maldives,Saudi Arabia,Saudi Arabia,7 wickets,Doha,
1001,23-10-2021,Malta,Bulgaria,Malta,6 wickets,Marsa,
1002,23-10-2021,England,West Indies,England,6 wickets,Dubai (DSC),
1003,24-10-2021,Bahrain,Kuwait,Kuwait,6 wickets,Doha,
1004,24-10-2021,Bulgaria,Gibraltar,Bulgaria,6 wickets,Marsa,
1005,24-10-2021,Bangladesh,Sri Lanka,Sri Lanka,5 wickets,Sharjah,
1006,24-10-2021,Qatar,Maldives,Qatar,98 runs,Doha,
1007,24-10-2021,Malta,Switzerland,Malta,6 runs,Marsa,
1008,24-10-2021,Nigeria,Sierra Leone,Nigeria,19 runs,Lagos,
1009,24-10-2021,India,Pakistan,Pakistan,10 wickets,Dubai (DSC),
1010,25-10-2021,Kuwait,Saudi Arabia,Saudi Arabia,4 wickets,Doha,
1011,25-10-2021,Malta,Gibraltar,tied,,Marsa,
1012,25-10-2021,Afghanistan,Scotland,Afghanistan,130 runs,Sharjah,
1013,26-10-2021,Nigeria,Sierra Leone,Nigeria,36 runs,Lagos,
1014,26-10-2021,South Africa,West Indies,South Africa,8 wickets,Dubai (DSC),
1015,26-10-2021,New Zealand,Pakistan,Pakistan,5 wickets,Sharjah,
1016,27-10-2021,Bahrain,Maldives,Bahrain,7 wickets,Doha,
1017,27-10-2021,Bangladesh,England,England,8 wickets,Abu Dhabi,
1018,27-10-2021,Qatar,Saudi Arabia,Qatar,5 wickets,Doha,
1019,27-10-2021,Namibia,Scotland,Namibia,4 wickets,Abu Dhabi,
1020,28-10-2021,Kuwait,Maldives,Kuwait,5 wickets,Doha,
1021,28-10-2021,Australia,Sri Lanka,Australia,7 wickets,Dubai (DSC),
1022,28-10-2021,Bahrain,Saudi Arabia,Bahrain,18 runs,Doha,
1023,29-10-2021,Bangladesh,West Indies,West Indies,3 runs,Sharjah,
1024,29-10-2021,Qatar,Kuwait,Qatar,2 wickets,Doha,
1025,29-10-2021,Afghanistan,Pakistan,Pakistan,5 wickets,Dubai (DSC),
1026,30-10-2021,South Africa,Sri Lanka,South Africa,4 wickets,Sharjah,
1027,30-10-2021,Australia,England,England,8 wickets,Dubai (DSC),
1028,31-10-2021,Afghanistan,Namibia,Afghanistan,62 runs,Abu Dhabi,
1029,31-10-2021,India,New Zealand,New Zealand,8 wickets,Dubai (DSC),
1030,01-11-2021,England,Sri Lanka,England,26 runs,Sharjah,
1031,02-11-2021,Botswana,Sierra Leone,Botswana,72 runs,Rwanda,
1032,02-11-2021,Bangladesh,South Africa,South Africa,6 wickets,Abu Dhabi,
1033,02-11-2021,Mozambique,Tanzania,Tanzania,87 runs,Rwanda,
1034,02-11-2021,Namibia,Pakistan,Pakistan,45 runs,Abu Dhabi,
1035,03-11-2021,Cameroon,Mozambique,Mozambique,171 runs,Rwanda,
1036,03-11-2021,New Zealand,Scotland,New Zealand,16 runs,Dubai (DSC),
1037,03-11-2021,Sierra Leone,Tanzania,Tanzania,8 wickets,Rwanda,
1038,03-11-2021,Afghanistan,India,India,66 runs,Abu Dhabi,
1039,04-11-2021,Australia,Bangladesh,Australia,8 wickets,Dubai (DSC),
1040,04-11-2021,Sri Lanka,West Indies,Sri Lanka,20 runs,Abu Dhabi,
1041,05-11-2021,Botswana,Cameroon,Botswana,9 wickets,Rwanda,
1042,05-11-2021,Namibia,New Zealand,New Zealand,52 runs,Sharjah,
1043,05-11-2021,Mozambique,Sierra Leone,Sierra Leone,5 wickets,Rwanda,
1044,05-11-2021,India,Scotland,India,8 wickets,Dubai (DSC),
1045,06-11-2021,Botswana,Mozambique,Botswana,52 runs,Rwanda,
1046,06-11-2021,Australia,West Indies,Australia,8 wickets,Abu Dhabi,
1047,06-11-2021,Cameroon,Tanzania,Tanzania,178 runs,Rwanda,
1048,06-11-2021,England,South Africa,South Africa,10 runs,Sharjah,
1049,07-11-2021,Cameroon,Sierra Leone,Sierra Leone,6 wickets,Rwanda,
1050,07-11-2021,Afghanistan,New Zealand,New Zealand,8 wickets,Abu Dhabi,
1051,07-11-2021,Botswana,Tanzania,Tanzania,3 runs,Rwanda,
1052,07-11-2021,Belize,U.S.A.,U.S.A.,10 wickets,Coolidge,
1053,07-11-2021,Bahamas,Canada,Canada,122 runs,North Sound,
1054,07-11-2021,Pakistan,Scotland,Pakistan,72 runs,Sharjah,
1055,07-11-2021,Panama,U.S.A.,U.S.A.,9 wickets,Coolidge,
1056,08-11-2021,Belize,Canada,Canada,145 runs,Coolidge,
1057,08-11-2021,Argentina,Bahamas,Bahamas,12 runs,North Sound,
1058,08-11-2021,India,Namibia,India,9 wickets,Dubai (DSC),
1059,08-11-2021,Belize,Panama,Belize,12 runs,Coolidge,
1060,08-11-2021,Bermuda,U.S.A.,U.S.A.,23 runs,North Sound,
1061,10-11-2021,Bahamas,Bermuda,Bermuda,140 runs,Coolidge,
1062,10-11-2021,Argentina,Belize,Argentina,59 runs,North Sound,
1063,10-11-2021,England,New Zealand,New Zealand,5 wickets,Abu Dhabi,
1064,10-11-2021,Canada,U.S.A.,tied,,Coolidge,
1065,10-11-2021,Argentina,Panama,Argentina,45 runs,North Sound,
1066,11-11-2021,Bermuda,Canada,Canada,46 runs,Coolidge,
1067,11-11-2021,Bahamas,Belize,Bahamas,11 runs,North Sound,
1068,11-11-2021,Australia,Pakistan,Australia,5 wickets,Dubai (DSC),
1069,11-11-2021,Bermuda,Panama,Bermuda,86 runs,Coolidge,
1070,11-11-2021,Argentina,U.S.A.,U.S.A.,8 wickets,North Sound,
1071,13-11-2021,Bahamas,U.S.A.,U.S.A.,10 wickets,Coolidge,
1072,13-11-2021,Belize,Bermuda,Bermuda,7 wickets,North Sound,
1073,13-11-2021,Bahamas,Panama,Panama,26 runs,Coolidge,
1074,13-11-2021,Argentina,Canada,Canada,9 wickets,North Sound,
1075,14-11-2021,Canada,Panama,Canada,208 runs,Coolidge,
1076,14-11-2021,Australia,New Zealand,Australia,8 wickets,Dubai (DSC),
1077,14-11-2021,Argentina,Bermuda,Bermuda,3 wickets,Coolidge,
1078,17-11-2021,Nigeria,Tanzania,Tanzania,6 wickets,Rwanda,
1079,17-11-2021,Kenya,Uganda,Kenya,1 run,Kigali,
1080,17-11-2021,Nigeria,Uganda,Uganda,12 runs,Rwanda,
1081,17-11-2021,Kenya,Tanzania,Tanzania,49 runs,Kigali,
1082,17-11-2021,India,New Zealand,India,5 wickets,Jaipur,
1083,18-11-2021,Tanzania,Uganda,Uganda,8 wickets,Rwanda,
1084,18-11-2021,Kenya,Nigeria,Kenya,8 wickets,Kigali,
1085,18-11-2021,Kenya,Tanzania,Kenya,7 wickets,Rwanda,
1086,18-11-2021,Nigeria,Uganda,Uganda,8 wickets,Kigali,
1087,19-11-2021,Bangladesh,Pakistan,Pakistan,4 wickets,Mirpur,
1088,19-11-2021,India,New Zealand,India,7 wickets,Ranchi,
1089,20-11-2021,Tanzania,Uganda,Uganda,6 wickets,Rwanda,
1090,20-11-2021,Kenya,Nigeria,Kenya,60 runs,Kigali,
1091,20-11-2021,Bangladesh,Pakistan,Pakistan,8 wickets,Mirpur,
1092,20-11-2021,Kenya,Uganda,Uganda,6 wickets,Rwanda,
1093,20-11-2021,Nigeria,Tanzania,Tanzania,69 runs,Kigali,
1094,21-11-2021,India,New Zealand,India,73 runs,Kolkata,
1095,22-11-2021,Bangladesh,Pakistan,Pakistan,5 wickets,Mirpur,
1096,13-12-2021,Pakistan,West Indies,Pakistan,63 runs,Karachi,
1097,14-12-2021,Pakistan,West Indies,Pakistan,9 runs,Karachi,
1098,16-12-2021,Pakistan,West Indies,Pakistan,7 wickets,Karachi,
1099,22-12-2021,U.S.A.,Ireland,U.S.A.,26 runs,Lauderhill,
1100,23-12-2021,U.S.A.,Ireland,Ireland,9 runs,Lauderhill,
1101,22-01-2022,West Indies,England,West Indies,9 wickets,Bridgetown,
1102,23-01-2022,West Indies,England,England,1 run,Bridgetown,
1103,26-01-2022,West Indies,England,West Indies,20 runs,Bridgetown,
1104,29-01-2022,West Indies,England,England,34 runs,Bridgetown,
1105,30-01-2022,West Indies,England,West Indies,17 runs,Bridgetown,
1106,11-02-2022,Australia,Sri Lanka,Australia,20 runs,Sydney,
1107,11-02-2022,Oman,Nepal,Nepal,6 wickets,Al Amerat,
1108,12-02-2022,Nepal,U.A.E.,U.A.E.,25 runs,Al Amerat,
1109,12-02-2022,Oman,Ireland,Ireland,9 wickets,Al Amerat,
1110,13-02-2022,Ireland,U.A.E.,U.A.E.,13 runs,Al Amerat,
1111,13-02-2022,Australia,Sri Lanka,tied,,Sydney,
1112,14-02-2022,Oman,U.A.E.,Oman,7 wickets,Al Amerat,
1113,14-02-2022,Ireland,Nepal,Ireland,16 runs,Al Amerat,
1114,15-02-2022,Australia,Sri Lanka,Australia,6 wickets,Canberra,
1115,16-02-2022,India,West Indies,India,6 wickets,Kolkata,
1116,18-02-2022,Canada,Philippines,Canada,118 runs,Al Amerat,
1117,18-02-2022,Oman,Nepal,Nepal,39 runs,Al Amerat,
1118,18-02-2022,Australia,Sri Lanka,Australia,6 wickets,Melbourne,
1119,18-02-2022,Bahrain,Germany,Bahrain,6 wickets,Al Amerat,
1120,18-02-2022,Ireland,U.A.E.,U.A.E.,18 runs,Al Amerat,
1121,18-02-2022,India,West Indies,India,8 runs,Kolkata,
1122,19-02-2022,Nepal,Philippines,Nepal,136 runs,Al Amerat,
1123,19-02-2022,Oman,Canada,Oman,9 wickets,Al Amerat,
1124,19-02-2022,Bahrain,Ireland,Ireland,21 runs,Al Amerat,
1125,19-02-2022,Germany,U.A.E.,U.A.E.,24 runs,Al Amerat,
1126,20-02-2022,Australia,Sri Lanka,Sri Lanka,5 wickets,Melbourne,
1127,20-02-2022,India,West Indies,India,17 runs,Kolkata,
1128,21-02-2022,Bahrain,U.A.E.,Bahrain,2 runs,Al Amerat,
1129,21-02-2022,Germany,Ireland,Ireland,7 wickets,Al Amerat,
1130,21-02-2022,Canada,Nepal,Nepal,8 wickets,Al Amerat,
1131,21-02-2022,Oman,Philippines,Oman,9 wickets,Al Amerat,
1132,22-02-2022,Bahrain,Philippines,Bahrain,91 runs,Al Amerat,
1133,22-02-2022,Canada,Germany,Canada,6 wickets,Al Amerat,
1134,22-02-2022,Nepal,U.A.E.,U.A.E.,68 runs,Al Amerat,
1135,22-02-2022,Oman,Ireland,Ireland,56 runs,Al Amerat,
1136,24-02-2022,Bahrain,Canada,Canada,7 wickets,Al Amerat,
1137,24-02-2022,Germany,Philippines,Germany,9 wickets,Al Amerat,
1138,24-02-2022,Ireland,U.A.E.,U.A.E.,7 wickets,Al Amerat,
1139,24-02-2022,Oman,Nepal,Nepal,9 wickets,Al Amerat,
1140,24-02-2022,India,Sri Lanka,India,62 runs,Lucknow,
1141,26-02-2022,India,Sri Lanka,India,7 wickets,Dharamsala,
1142,27-02-2022,India,Sri Lanka,India,6 wickets,Dharamsala,
1143,03-03-2022,Bangladesh,Afghanistan,Bangladesh,61 runs,Mirpur,
1144,05-03-2022,Bangladesh,Afghanistan,Afghanistan,8 wickets,Mirpur,
1145,28-03-2022,Nepal,P.N.G.,Nepal,15 runs,Kirtipur,
1146,29-03-2022,Malaysia,P.N.G.,Malaysia,8 runs,Kirtipur,
1147,30-03-2022,Nepal,Malaysia,Nepal,6 wickets,Kirtipur,
1148,31-03-2022,Nepal,P.N.G.,Nepal,37 runs,Kirtipur,
1149,01-04-2022,Malaysia,P.N.G.,P.N.G.,8 wickets,Kirtipur,
1150,02-04-2022,Nepal,Malaysia,Nepal,85 runs,Kirtipur,
1151,04-04-2022,Nepal,P.N.G.,Nepal,50 runs,Kirtipur,
1152,05-04-2022,Pakistan,Australia,Australia,3 wickets,Lahore,
1153,08-04-2022,Namibia,Uganda,Namibia,8 wickets,Windhoek,
1154,09-04-2022,Namibia,Uganda,Uganda,7 wickets,Windhoek,
1155,10-04-2022,Namibia,Uganda,Namibia,52 runs,Windhoek,
1156,13-04-2022,Cayman Is,Bahamas,Cayman Is,8 wickets,George Town,
1157,14-04-2022,Cayman Is,Bahamas,Cayman Is,15 runs,George Town,
1158,16-04-2022,Cayman Is,Bahamas,Cayman Is,7 wickets,George Town,
1159,16-04-2022,Cayman Is,Bahamas,Cayman Is,65 runs,George Town,
1160,17-04-2022,Cayman Is,Bahamas,Cayman Is,42 runs,George Town,
1161,29-04-2022,Guernsey,Norway,Norway,37 runs,Almeria,
1162,30-04-2022,Spain,Norway,Spain,51 runs,Almeria,
1163,30-04-2022,Guernsey,Norway,Guernsey,8 wickets,Almeria,
1164,30-04-2022,Spain,Guernsey,Spain,8 wickets,Almeria,
1165,01-05-2022,Spain,Guernsey,Guernsey,8 wickets,Almeria,
1166,01-05-2022,Spain,Norway,Spain,41 runs,Almeria,
1167,07-05-2022,Denmark,Finland,Finland,3 wickets,Brondby,
1168,07-05-2022,Denmark,Finland,Denmark,137 runs,Brondby,
1169,08-05-2022,Denmark,Finland,Denmark,53 runs,Brondby,
1170,10-05-2022,Malta,Gibraltar,Malta,5 wickets,Marsa,
1171,10-05-2022,Malta,Hungary,Malta,45 runs,Marsa,
1172,10-05-2022,Gibraltar,Hungary,Hungary,4 wickets,Marsa,
1173,11-05-2022,Malta,Romania,Malta,5 wickets,Marsa,
1174,11-05-2022,Czech Rep.,Gibraltar,Czech Rep.,40 runs,Marsa,
1175,11-05-2022,Bulgaria,Hungary,Hungary,5 runs,Marsa,
1176,12-05-2022,Malta,Czech Rep.,Malta,2 runs,Marsa,
1177,12-05-2022,Bulgaria,Czech Rep.,Czech Rep.,88 runs,Marsa,
1178,12-05-2022,Hungary,Romania,Hungary,6 wickets,Marsa,
1179,13-05-2022,Bulgaria,Gibraltar,Gibraltar,21 runs,Marsa,
1180,13-05-2022,Czech Rep.,Romania,Romania,26 runs,Marsa,
1181,13-05-2022,Bulgaria,Romania,Romania,8 wickets,Marsa,
1182,14-05-2022,Czech Rep.,Hungary,Czech Rep.,7 wickets,Marsa,
1183,14-05-2022,Gibraltar,Romania,Romania,8 wickets,Marsa,
1184,14-05-2022,Malta,Bulgaria,Malta,6 wickets,Marsa,
1185,15-05-2022,Bulgaria,Gibraltar,Bulgaria,5 wickets,Marsa,
1186,15-05-2022,Czech Rep.,Hungary,Czech Rep.,70 runs,Marsa,
1187,15-05-2022,Malta,Romania,Romania,9 runs,Marsa,
1188,17-05-2022,Zimbabwe,Namibia,Zimbabwe,7 runs,Bulawayo,
1189,19-05-2022,Zimbabwe,Namibia,Namibia,8 wickets,Bulawayo,
1190,20-05-2022,Guernsey,Jersey,Jersey,37 runs,St Peter Port,
1191,21-05-2022,Guernsey,Jersey,Jersey,60 runs,Castel,
1192,21-05-2022,Zimbabwe,Namibia,Zimbabwe,8 wickets,Bulawayo,
1193,21-05-2022,Guernsey,Jersey,Jersey,37 runs,Castel,
1194,22-05-2022,Zimbabwe,Namibia,Namibia,6 wickets,Bulawayo,
1195,24-05-2022,Zimbabwe,Namibia,Namibia,32 runs,Bulawayo,
1196,04-06-2022,Austria,Hungary,Austria,105 runs,Lower Austria,
1197,04-06-2022,Austria,Hungary,no result,,Lower Austria,
1198,05-06-2022,Austria,Hungary,Hungary,4 wickets,Lower Austria,
1199,07-06-2022,Sri Lanka,Australia,Australia,10 wickets,Colombo (RPS),
1200,08-06-2022,Sri Lanka,Australia,Australia,3 wickets,Colombo (RPS),
1201,09-06-2022,Germany,Austria,Germany,54 runs,Krefeld,
1202,09-06-2022,India,South Africa,South Africa,7 wickets,Delhi,
1203,09-06-2022,Germany,Sweden,Germany,4 wickets,Krefeld,
1204,10-06-2022,Germany,Austria,Austria,38 runs,Krefeld,
1205,10-06-2022,Austria,Sweden,Austria,3 runs,Krefeld,
1206,11-06-2022,Belgium,Malta,Belgium,111 runs,Gent,
1207,11-06-2022,Luxembourg,Switzerland,Luxembourg,18 runs,Walferdange,
1208,11-06-2022,Austria,Sweden,Austria,1 run,Krefeld,
1209,11-06-2022,Zimbabwe,Afghanistan,Afghanistan,6 wickets,Harare,
1210,11-06-2022,Belgium,Malta,Belgium,84 runs,Gent,
1211,11-06-2022,Luxembourg,Switzerland,Switzerland,78 runs,Walferdange,
1212,11-06-2022,Sri Lanka,Australia,Sri Lanka,4 wickets,Pallekele,
1213,11-06-2022,Germany,Sweden,Germany,29 runs,Krefeld,
1214,12-06-2022,Belgium,Malta,Belgium,122 runs,Waterloo,
1215,12-06-2022,Germany,Austria,Germany,3 wickets,Krefeld,
1216,12-06-2022,Zimbabwe,Afghanistan,Afghanistan,21 runs,Harare,
1217,12-06-2022,India,South Africa,South Africa,4 wickets,Cuttack,
1218,14-06-2022,Zimbabwe,Afghanistan,Afghanistan,35 runs,Harare,
1219,14-06-2022,India,South Africa,India,48 runs,Visakhapatnam,
1220,17-06-2022,India,South Africa,India,82 runs,Rajkot,
1221,19-06-2022,Finland,Estonia,Finland,23 runs,Kerava,
1222,19-06-2022,Finland,Estonia,Finland,11 runs,Kerava,
1223,19-06-2022,India,South Africa,no result,,Bengaluru,
1224,24-06-2022,Bulgaria,Serbia,Bulgaria,6 wickets,Sofia,
1225,25-06-2022,Bulgaria,Serbia,Bulgaria,5 wickets,Sofia,
1226,25-06-2022,Bulgaria,Serbia,Bulgaria,40 runs,Sofia,
1227,26-06-2022,Bulgaria,Serbia,Bulgaria,6 wickets,Sofia,
1228,26-06-2022,Ireland,India,India,7 wickets,Dublin (Malahide),
1229,28-06-2022,Belgium,Gibraltar,Belgium,7 wickets,Gent,
1230,28-06-2022,Malta,Spain,Spain,6 wickets,Waterloo,
1231,28-06-2022,Singapore,Malaysia,Singapore,4 wickets,Singapore,
1232,28-06-2022,Denmark,Hungary,Denmark,88 runs,Gent,
1233,28-06-2022,Israel,Portugal,Portugal,47 runs,Waterloo,
1234,28-06-2022,Ireland,India,India,4 runs,Dublin (Malahide),
1235,29-06-2022,Denmark,Gibraltar,Denmark,132 runs,Waterloo,
1236,29-06-2022,Malta,Portugal,Portugal,11 runs,Gent,
1237,29-06-2022,Singapore,Malaysia,Malaysia,23 runs,Singapore,
1238,29-06-2022,Belgium,Hungary,Belgium,2 wickets,Waterloo,
1239,29-06-2022,Israel,Spain,Spain,7 wickets,Gent,
1240,30-06-2022,Singapore,Malaysia,Malaysia,5 wickets,Singapore,
1241,01-07-2022,Gibraltar,Hungary,Gibraltar,4 wickets,Waterloo,
1242,01-07-2022,Portugal,Spain,Spain,8 wickets,Gent,
1243,01-07-2022,Belgium,Denmark,Belgium,12 runs,Waterloo,
1244,01-07-2022,Israel,Malta,Malta,16 runs,Gent,
1245,02-07-2022,Malaysia,Bhutan,Malaysia,155 runs,Bangi,
1246,02-07-2022,Belgium,Portugal,Portugal,8 wickets,Waterloo,
1247,02-07-2022,Singapore,P.N.G.,Singapore,18 runs,Singapore,
1248,02-07-2022,Denmark,Spain,Denmark,41 runs,Waterloo,
1249,02-07-2022,West Indies,Bangladesh,no result,,Roseau,
1250,03-07-2022,Maldives,Thailand,Maldives,7 wickets,Bangi,
1251,03-07-2022,Malaysia,Bhutan,Malaysia,39 runs,Bangi,
1252,03-07-2022,Hungary,Israel,Israel,12 runs,Waterloo,
1253,03-07-2022,Singapore,P.N.G.,P.N.G.,3 wickets,Singapore,
1254,03-07-2022,Gibraltar,Malta,Malta,7 wickets,Waterloo,
1255,03-07-2022,West Indies,Bangladesh,West Indies,35 runs,Roseau,
1256,04-07-2022,Malaysia,Thailand,Malaysia,9 wickets,Bangi,
1257,04-07-2022,Bhutan,Maldives,Bhutan,6 runs,Bangi,
1258,04-07-2022,Belgium,Spain,Belgium,5 wickets,Waterloo,
1259,04-07-2022,Denmark,Portugal,Denmark,9 wickets,Waterloo,
1260,06-07-2022,Bhutan,Thailand,Bhutan,6 wickets,Bangi,
1261,06-07-2022,Malaysia,Maldives,Malaysia,8 wickets,Bangi,
1262,07-07-2022,Bhutan,Maldives,Bhutan,2 runs,Bangi,
1263,07-07-2022,Malaysia,Thailand,Malaysia,9 wickets,Bangi,
1264,07-07-2022,England,India,India,50 runs,Southampton,
1265,07-07-2022,West Indies,Bangladesh,West Indies,5 wickets,Providence,
1266,08-07-2022,Maldives,Thailand,Maldives,41 runs,Bangi,
1267,08-07-2022,Austria,Luxembourg,Austria,5 wickets,Vinor,
1268,08-07-2022,Czech Rep.,Luxembourg,Czech Rep.,5 wickets,Vinor,
1269,08-07-2022,Serbia,Bulgaria,Serbia,7 wickets,Belgrade,
1270,09-07-2022,Malaysia,Maldives,Malaysia,94 runs,Bangi,
1271,09-07-2022,Bhutan,Thailand,Bhutan,28 runs,Bangi,
1272,09-07-2022,Czech Rep.,Austria,Austria,4 wickets,Vinor,
1273,09-07-2022,Serbia,Bulgaria,Serbia,8 wickets,Belgrade,
1274,09-07-2022,Austria,Luxembourg,Austria,35 runs,Vinor,
1275,09-07-2022,Serbia,Bulgaria,Bulgaria,95 runs,Belgrade,
1276,09-07-2022,England,India,India,49 runs,Birmingham,
1277,10-07-2022,Czech Rep.,Luxembourg,Czech Rep.,36 runs,Vinor,
1278,10-07-2022,Czech Rep.,Austria,Czech Rep.,6 wickets,Vinor,
1279,10-07-2022,England,India,England,17 runs,Nottingham,
1280,11-07-2022,Malaysia,Bhutan,Malaysia,9 wickets,Bangi,
1281,11-07-2022,Jersey,U.S.A.,U.S.A.,8 wickets,Bulawayo,
1282,11-07-2022,Zimbabwe,Singapore,Zimbabwe,111 runs,Bulawayo,
1283,11-07-2022,Hong Kong,Uganda,Uganda,2 wickets,Bulawayo,
1284,11-07-2022,Netherlands,P.N.G.,Netherlands,52 runs,Bulawayo,
1285,12-07-2022,Singapore,U.S.A.,U.S.A.,132 runs,Bulawayo,
1286,12-07-2022,Zimbabwe,Jersey,Zimbabwe,23 runs,Bulawayo,
1287,12-07-2022,Cyprus,Isle of Man,Isle of Man,8 wickets,Kerava,
1288,12-07-2022,Greece,Italy,Italy,9 wickets,Vantaa,
1289,12-07-2022,Hong Kong,Netherlands,Netherlands,7 wickets,Bulawayo,
1290,12-07-2022,P.N.G.,Uganda,P.N.G.,8 wickets,Bulawayo,
1291,12-07-2022,Finland,Sweden,Finland,12 runs,Vantaa,
1292,12-07-2022,Romania,Turkey,Romania,51 runs,Kerava,
1293,13-07-2022,Croatia,Sweden,Sweden,8 wickets,Kerava,
1294,13-07-2022,Cyprus,Romania,Cyprus,20 runs,Vantaa,
1295,13-07-2022,Finland,Italy,Italy,5 wickets,Kerava,
1296,13-07-2022,Isle of Man,Serbia,Isle of Man,68 runs,Vantaa,
1297,14-07-2022,Hong Kong,P.N.G.,Hong Kong,2 wickets,Bulawayo,
1298,14-07-2022,Netherlands,Uganda,Netherlands,97 runs,Bulawayo,
1299,14-07-2022,Jersey,Singapore,Jersey,13 runs,Bulawayo,
1300,14-07-2022,Zimbabwe,U.S.A.,Zimbabwe,46 runs,Bulawayo,
1301,15-07-2022,Hong Kong,Singapore,Hong Kong,7 wickets,Bulawayo,
1302,15-07-2022,Jersey,Uganda,Uganda,5 runs,Bulawayo,
1303,15-07-2022,Italy,Sweden,Italy,91 runs,Vantaa,
1304,15-07-2022,Serbia,Turkey,Serbia,7 wickets,Kerava,
1305,15-07-2022,Netherlands,U.S.A.,Netherlands,7 wickets,Bulawayo,
1306,15-07-2022,Zimbabwe,P.N.G.,Zimbabwe,27 runs,Bulawayo,
1307,15-07-2022,Croatia,Greece,Croatia,3 runs,Vantaa,
1308,15-07-2022,Isle of Man,Romania,Isle of Man,8 wickets,Kerava,
1309,16-07-2022,Finland,Greece,Finland,37 runs,Kerava,
1310,16-07-2022,Romania,Serbia,Romania,31 runs,Vantaa,
1311,16-07-2022,Croatia,Italy,Italy,166 runs,Kerava,
1312,16-07-2022,Cyprus,Turkey,Cyprus,135 runs,Vantaa,
1313,17-07-2022,Hong Kong,Uganda,Uganda,4 runs,Bulawayo,
1314,17-07-2022,Jersey,Singapore,Jersey,6 wickets,Bulawayo,
1315,17-07-2022,P.N.G.,U.S.A.,P.N.G.,5 runs,Bulawayo,
1316,17-07-2022,Zimbabwe,Netherlands,Zimbabwe,37 runs,Bulawayo,
1317,18-07-2022,Cyprus,Serbia,Serbia,4 wickets,Kerava,
1318,18-07-2022,Greece,Sweden,Sweden,107 runs,Vantaa,
1319,18-07-2022,Finland,Croatia,Finland,5 wickets,Vantaa,
1320,18-07-2022,Isle of Man,Turkey,Isle of Man,74 runs,Kerava,
1321,18-07-2022,Ireland,New Zealand,New Zealand,31 runs,Belfast,
1322,19-07-2022,Croatia,Serbia,Croatia,3 wickets,Vantaa,
1323,19-07-2022,Finland,Cyprus,Finland,11 runs,Kerava,
1324,19-07-2022,Isle of Man,Italy,Italy,7 wickets,Kerava,
1325,19-07-2022,Romania,Sweden,Sweden,8 wickets,Vantaa,
1326,20-07-2022,Ireland,New Zealand,New Zealand,88 runs,Belfast,
1327,22-07-2022,Ireland,New Zealand,New Zealand,6 wickets,Belfast,
1328,24-07-2022,Austria,Luxembourg,Austria,36 runs,Vantaa,
1329,24-07-2022,Estonia,Norway,Norway,10 wickets,Kerava,
1330,24-07-2022,Bulgaria,Guernsey,Guernsey,52 runs,Vantaa,
1331,24-07-2022,Czech Rep.,France,France,51 runs,Kerava,
1332,25-07-2022,Austria,Slovenia,Austria,141 runs,Kerava,
1333,25-07-2022,Czech Rep.,Norway,Norway,120 runs,Vantaa,
1334,25-07-2022,France,Switzerland,Switzerland,1 wicket,Vantaa,
1335,25-07-2022,Guernsey,Luxembourg,Guernsey,17 runs,Kerava,
1336,27-07-2022,Austria,Guernsey,Austria,2 wickets,Vantaa,
1337,27-07-2022,Estonia,Switzerland,Switzerland,31 runs,Kerava,
1338,27-07-2022,Bulgaria,Slovenia,Bulgaria,3 wickets,Vantaa,
1339,27-07-2022,France,Norway,France,11 runs,Kerava,
1340,27-07-2022,Scotland,New Zealand,New Zealand,68 runs,Edinburgh,
1341,27-07-2022,England,South Africa,England,41 runs,Bristol,
1342,28-07-2022,Bulgaria,Luxembourg,Luxembourg,21 runs,Kerava,
1343,28-07-2022,Norway,Switzerland,Norway,12 runs,Vantaa,
1344,28-07-2022,Czech Rep.,Estonia,Czech Rep.,42 runs,Vantaa,
1345,28-07-2022,Guernsey,Slovenia,Guernsey,9 wickets,Kerava,
1346,28-07-2022,England,South Africa,South Africa,58 runs,Cardiff,
1347,29-07-2022,Eswatini,Mozambique,Mozambique,8 wickets,Malkerns,
1348,29-07-2022,Eswatini,Mozambique,Mozambique,7 wickets,Malkerns,
1349,29-07-2022,Scotland,New Zealand,New Zealand,102 runs,Edinburgh,
1350,29-07-2022,West Indies,India,India,68 runs,Tarouba,
1351,30-07-2022,Eswatini,Mozambique,Mozambique,8 wickets,Malkerns,
1352,30-07-2022,Austria,Bulgaria,Austria,158 runs,Vantaa,
1353,30-07-2022,Czech Rep.,Switzerland,Czech Rep.,7 wickets,Kerava,
1354,30-07-2022,Zimbabwe,Bangladesh,Zimbabwe,17 runs,Harare,
1355,30-07-2022,Eswatini,Mozambique,Mozambique,95 runs,Malkerns,
1356,30-07-2022,Luxembourg,Slovenia,Luxembourg,5 runs,Vantaa,
1357,30-07-2022,Estonia,France,France,25 runs,Kerava,
1358,31-07-2022,Eswatini,Mozambique,Mozambique,94 runs,Malkerns,
1359,31-07-2022,Bulgaria,Czech Rep.,Czech Rep.,4 wickets,Vantaa,
1360,31-07-2022,France,Guernsey,Guernsey,56 runs,Kerava,
1361,31-07-2022,Zimbabwe,Bangladesh,Bangladesh,7 wickets,Harare,
1362,31-07-2022,Eswatini,Mozambique,Mozambique,43 runs,Malkerns,
1363,31-07-2022,Austria,Norway,Austria,9 wickets,Kerava,
1364,31-07-2022,Luxembourg,Switzerland,Luxembourg,7 runs,Vantaa,
1365,31-07-2022,England,South Africa,South Africa,90 runs,Southampton,
1366,01-08-2022,West Indies,India,West Indies,5 wickets,Basseterre,
1367,02-08-2022,Zimbabwe,Bangladesh,Zimbabwe,10 runs,Harare,
1368,02-08-2022,West Indies,India,India,7 wickets,Basseterre,
1369,03-08-2022,Ireland,South Africa,South Africa,21 runs,Bristol,
1370,04-08-2022,Netherlands,New Zealand,New Zealand,16 runs,The Hague,
1371,05-08-2022,Netherlands,New Zealand,New Zealand,8 wickets,The Hague,
1372,05-08-2022,Ireland,South Africa,South Africa,44 runs,Bristol,
1373,06-08-2022,India,West Indies,India,59 runs,Lauderhill,
1374,07-08-2022,India,West Indies,India,88 runs,Lauderhill,
1375,09-08-2022,Ireland,Afghanistan,Ireland,7 wickets,Belfast,
1376,10-08-2022,West Indies,New Zealand,New Zealand,13 runs,Kingston,
1377,11-08-2022,Ireland,Afghanistan,Ireland,5 wickets,Belfast,
1378,11-08-2022,Bahrain,Kuwait,tied,,Al Amerat,
1379,12-08-2022,Ireland,Afghanistan,Afghanistan,22 runs,Belfast,
1380,12-08-2022,West Indies,New Zealand,New Zealand,90 runs,Kingston,
1381,13-08-2022,Bahrain,Kuwait,Kuwait,20 runs,Al Amerat,
1382,14-08-2022,Bahrain,Kuwait,Kuwait,5 wickets,Al Amerat,
1383,14-08-2022,West Indies,New Zealand,West Indies,8 wickets,Kingston,
1384,15-08-2022,Ireland,Afghanistan,Afghanistan,27 runs,Belfast,
1385,16-08-2022,Bahrain,Kuwait,Kuwait,4 wickets,Al Amerat,
1386,17-08-2022,Ireland,Afghanistan,Ireland,7 wickets,Belfast,
1387,17-08-2022,Bahrain,Kuwait,Kuwait,102 runs,Al Amerat,
1388,20-08-2022,Hong Kong,Singapore,Hong Kong,8 runs,Al Amerat,
1389,21-08-2022,Kuwait,U.A.E.,Kuwait,1 wicket,Al Amerat,
1390,22-08-2022,Singapore,U.A.E.,U.A.E.,47 runs,Al Amerat,
1391,23-08-2022,Hong Kong,Kuwait,Hong Kong,8 wickets,Al Amerat,
1392,24-08-2022,Kuwait,Singapore,Kuwait,6 wickets,Al Amerat,
1393,24-08-2022,Hong Kong,U.A.E.,Hong Kong,8 wickets,Al Amerat,
1394,25-08-2022,Kenya,Nepal,Nepal,5 wickets,Nairobi (Gym),
1395,26-08-2022,Kenya,Nepal,Kenya,18 runs,Nairobi (Gym),
1396,27-08-2022,Afghanistan,Sri Lanka,Afghanistan,8 wickets,Dubai (DSC),
1397,28-08-2022,Kenya,Nepal,Nepal,4 wickets,Nairobi (Gym),
1398,28-08-2022,India,Pakistan,India,5 wickets,Dubai (DSC),
1399,29-08-2022,Kenya,Nepal,Kenya,7 runs,Nairobi (Gym),
1400,30-08-2022,Kenya,Nepal,Nepal,31 runs,Nairobi (Gym),
1401,30-08-2022,Afghanistan,Bangladesh,Afghanistan,7 wickets,Sharjah,
1402,31-08-2022,Hong Kong,India,India,40 runs,Dubai (DSC),
1403,01-09-2022,Bangladesh,Sri Lanka,Sri Lanka,2 wickets,Dubai (DSC),
1404,02-09-2022,Hong Kong,Pakistan,Pakistan,155 runs,Sharjah,
1405,03-09-2022,Afghanistan,Sri Lanka,Sri Lanka,4 wickets,Sharjah,
1406,04-09-2022,India,Pakistan,Pakistan,5 wickets,Dubai (DSC),
1407,06-09-2022,India,Sri Lanka,Sri Lanka,6 wickets,Dubai (DSC),
1408,07-09-2022,Afghanistan,Pakistan,Pakistan,1 wicket,Sharjah,
1409,08-09-2022,Afghanistan,India,India,101 runs,Dubai (DSC),
1410,09-09-2022,Vanuatu,Fiji,Vanuatu,56 runs,Port vila,
1411,09-09-2022,Cook Islands,Samoa,Samoa,7 wickets,Port vila,
1412,09-09-2022,Pakistan,Sri Lanka,Sri Lanka,5 wickets,Dubai (DSC),
1413,10-09-2022,Cook Islands,Fiji,Fiji,3 wickets,Port vila,
1414,10-09-2022,Vanuatu,Samoa,Vanuatu,9 wickets,Port vila,
1415,11-09-2022,Vanuatu,Cook Islands,Cook Islands,5 wickets,Port vila,
1416,11-09-2022,Fiji,Samoa,Fiji,3 wickets,Port vila,
1417,11-09-2022,Pakistan,Sri Lanka,Sri Lanka,23 runs,Dubai (DSC),
1418,13-09-2022,Cook Islands,Samoa,Cook Islands,4 wickets,Port vila,
1419,13-09-2022,Vanuatu,Fiji,Vanuatu,18 runs,Port vila,
1420,14-09-2022,Vanuatu,Samoa,Vanuatu,6 wickets,Port vila,
1421,14-09-2022,Cook Islands,Fiji,Cook Islands,8 wickets,Port vila,
1422,15-09-2022,Fiji,Samoa,Fiji,30 runs,Port vila,
1423,15-09-2022,Vanuatu,Cook Islands,Vanuatu,50 runs,Port vila,
1424,15-09-2022,Botswana,Uganda,Uganda,7 wickets,Benoni,
1425,15-09-2022,Cameroon,Malawi,Malawi,7 wickets,Benoni,
1426,16-09-2022,Ghana,Mozambique,Ghana,28 runs,Benoni,
1427,16-09-2022,Kenya,Malawi,Kenya,52 runs,Benoni,
1428,17-09-2022,Cameroon,Tanzania,Tanzania,10 wickets,Benoni,
1429,17-09-2022,Kenya,Tanzania,Tanzania,4 wickets,Benoni,
1430,18-09-2022,Botswana,Ghana,Botswana,11 runs,Benoni,
1431,18-09-2022,Mozambique,Uganda,Uganda,38 runs,Benoni,
1432,19-09-2022,Cameroon,Kenya,Kenya,9 wickets,Benoni,
1433,19-09-2022,Botswana,Mozambique,Botswana,92 runs,Benoni,
1434,20-09-2022,Malawi,Tanzania,Tanzania,44 runs,Benoni,
1435,20-09-2022,Ghana,Uganda,Uganda,8 wickets,Benoni,
1436,20-09-2022,India,Australia,Australia,4 wickets,Mohali,
1437,20-09-2022,Pakistan,England,England,6 wickets,Karachi,
1438,21-09-2022,Kenya,Uganda,Uganda,3 wickets,Benoni,
1439,21-09-2022,Botswana,Tanzania,Tanzania,4 wickets,Benoni,
1440,22-09-2022,Tanzania,Uganda,Uganda,8 wickets,Benoni,
1441,22-09-2022,Pakistan,England,Pakistan,10 wickets,Karachi,
1442,23-09-2022,India,Australia,India,6 wickets,Nagpur,
1443,23-09-2022,Pakistan,England,England,63 runs,Karachi,
1444,25-09-2022,India,Australia,India,6 wickets,Hyderabad (Deccan),
1445,25-09-2022,U.A.E.,Bangladesh,Bangladesh,7 runs,Dubai (DSC),
1446,25-09-2022,Pakistan,England,Pakistan,3 runs,Karachi,
1447,27-09-2022,U.A.E.,Bangladesh,Bangladesh,32 runs,Dubai (DSC),
1448,28-09-2022,India,South Africa,India,8 wickets,Thiruvananthapuram,
1449,28-09-2022,Pakistan,England,Pakistan,6 runs,Lahore,
1450,30-09-2022,Pakistan,England,England,8 wickets,Lahore,
1451,02-10-2022,India,South Africa,India,16 runs,Guwahati,
1452,02-10-2022,Pakistan,England,England,67 runs,Lahore,
1453,04-10-2022,India,South Africa,South Africa,49 runs,Indore,
1454,05-10-2022,Australia,West Indies,Australia,3 wickets,Carrara,
1455,07-10-2022,Bangladesh,Pakistan,Pakistan,21 runs,Christchurch,
1456,07-10-2022,Australia,West Indies,Australia,31 runs,Brisbane,
1457,08-10-2022,New Zealand,Pakistan,Pakistan,6 wickets,Christchurch,
1458,09-10-2022,Japan,Indonesia,Japan,64 runs,Sano,
1459,09-10-2022,New Zealand,Bangladesh,New Zealand,8 wickets,Christchurch,
1460,09-10-2022,Australia,England,England,8 runs,Perth,
